county_num_2020,county_name_2020,muni_num_2020,muni_name_2020,muni_name_2019,muni_num_2019,muni_name_2018,muni_num_2018,muni_name_2017,muni_num_2017,muni_name_2016,muni_num_2016,muni_name_2015,muni_num_2015,muni_name_2014,muni_num_2014,muni_name_2013,muni_num_2013,muni_name_2012,muni_num_2012,muni_num_2011,muni_name_2011
3,OSLO,301,OSLO,OSLO,301,OSLO,301,OSLO,301,OSLO,301,OSLO,301,OSLO,301,OSLO,301,OSLO,301,301,OSLO
11,ROGALAND,1101,EIGERSUND,EIGERSUND,1101,EIGERSUND,1101,EIGERSUND,1101,EIGERSUND,1101,EIGERSUND,1101,EIGERSUND,1101,EIGERSUND,1101,EIGERSUND,1101,1101,EIGERSUND
11,ROGALAND,1103,STAVANGER,FINNØY,1141,FINNØY,1141,FINNØY,1141,FINNØY,1141,FINNØY,1141,FINNØY,1141,FINNØY,1141,FINNØY,1141,1141,FINNØY
11,ROGALAND,1103,STAVANGER,RENNESØY,1142,RENNESØY,1142,RENNESØY,1142,RENNESØY,1142,RENNESØY,1142,RENNESØY,1142,RENNESØY,1142,RENNESØY,1142,1142,RENNESØY
11,ROGALAND,1106,HAUGESUND,HAUGESUND,1106,HAUGESUND,1106,HAUGESUND,1106,HAUGESUND,1106,HAUGESUND,1106,HAUGESUND,1106,HAUGESUND,1106,HAUGESUND,1106,1106,HAUGESUND
11,ROGALAND,1108,SANDNES,SANDNES,1102,SANDNES,1102,SANDNES,1102,SANDNES,1102,SANDNES,1102,SANDNES,1102,SANDNES,1102,SANDNES,1102,1102,SANDNES
11,ROGALAND,1108,SANDNES,FORSAND,1129,FORSAND,1129,FORSAND,1129,FORSAND,1129,FORSAND,1129,FORSAND,1129,FORSAND,1129,FORSAND,1129,1129,FORSAND
11,ROGALAND,1111,SOKNDAL,SOKNDAL,1111,SOKNDAL,1111,SOKNDAL,1111,SOKNDAL,1111,SOKNDAL,1111,SOKNDAL,1111,SOKNDAL,1111,SOKNDAL,1111,1111,SOKNDAL
11,ROGALAND,1112,LUND,LUND,1112,LUND,1112,LUND,1112,LUND,1112,LUND,1112,LUND,1112,LUND,1112,LUND,1112,1112,LUND
11,ROGALAND,1114,BJERKREIM,BJERKREIM,1114,BJERKREIM,1114,BJERKREIM,1114,BJERKREIM,1114,BJERKREIM,1114,BJERKREIM,1114,BJERKREIM,1114,BJERKREIM,1114,1114,BJERKREIM
11,ROGALAND,1119,HÅ,HÅ,1119,HÅ,1119,HÅ,1119,HÅ,1119,HÅ,1119,HÅ,1119,HÅ,1119,HÅ,1119,1119,HÅ
11,ROGALAND,1120,KLEPP,KLEPP,1120,KLEPP,1120,KLEPP,1120,KLEPP,1120,KLEPP,1120,KLEPP,1120,KLEPP,1120,KLEPP,1120,1120,KLEPP
11,ROGALAND,1121,TIME,TIME,1121,TIME,1121,TIME,1121,TIME,1121,TIME,1121,TIME,1121,TIME,1121,TIME,1121,1121,TIME
11,ROGALAND,1122,GJESDAL,GJESDAL,1122,GJESDAL,1122,GJESDAL,1122,GJESDAL,1122,GJESDAL,1122,GJESDAL,1122,GJESDAL,1122,GJESDAL,1122,1122,GJESDAL
11,ROGALAND,1124,SOLA,SOLA,1124,SOLA,1124,SOLA,1124,SOLA,1124,SOLA,1124,SOLA,1124,SOLA,1124,SOLA,1124,1124,SOLA
11,ROGALAND,1127,RANDABERG,RANDABERG,1127,RANDABERG,1127,RANDABERG,1127,RANDABERG,1127,RANDABERG,1127,RANDABERG,1127,RANDABERG,1127,RANDABERG,1127,1127,RANDABERG
11,ROGALAND,1130,STRAND,STRAND,1130,STRAND,1130,STRAND,1130,STRAND,1130,STRAND,1130,STRAND,1130,STRAND,1130,STRAND,1130,1130,STRAND
11,ROGALAND,1133,HJELMELAND,HJELMELAND,1133,HJELMELAND,1133,HJELMELAND,1133,HJELMELAND,1133,HJELMELAND,1133,HJELMELAND,1133,HJELMELAND,1133,HJELMELAND,1133,1133,HJELMELAND
11,ROGALAND,1134,SULDAL,SULDAL,1134,SULDAL,1134,SULDAL,1134,SULDAL,1134,SULDAL,1134,SULDAL,1134,SULDAL,1134,SULDAL,1134,1134,SULDAL
11,ROGALAND,1135,SAUDA,SAUDA,1135,SAUDA,1135,SAUDA,1135,SAUDA,1135,SAUDA,1135,SAUDA,1135,SAUDA,1135,SAUDA,1135,1135,SAUDA
11,ROGALAND,1144,KVITSØY,KVITSØY,1144,KVITSØY,1144,KVITSØY,1144,KVITSØY,1144,KVITSØY,1144,KVITSØY,1144,KVITSØY,1144,KVITSØY,1144,1144,KVITSØY
11,ROGALAND,1145,BOKN,BOKN,1145,BOKN,1145,BOKN,1145,BOKN,1145,BOKN,1145,BOKN,1145,BOKN,1145,BOKN,1145,1145,BOKN
11,ROGALAND,1146,TYSVÆR,TYSVÆR,1146,TYSVÆR,1146,TYSVÆR,1146,TYSVÆR,1146,TYSVÆR,1146,TYSVÆR,1146,TYSVÆR,1146,TYSVÆR,1146,1146,TYSVÆR
11,ROGALAND,1149,KARMØY,KARMØY,1149,KARMØY,1149,KARMØY,1149,KARMØY,1149,KARMØY,1149,KARMØY,1149,KARMØY,1149,KARMØY,1149,1149,KARMØY
11,ROGALAND,1151,UTSIRA,UTSIRA,1151,UTSIRA,1151,UTSIRA,1151,UTSIRA,1151,UTSIRA,1151,UTSIRA,1151,UTSIRA,1151,UTSIRA,1151,1151,UTSIRA
11,ROGALAND,1160,VINDAFJORD,VINDAFJORD,1160,VINDAFJORD,1160,VINDAFJORD,1160,VINDAFJORD,1160,VINDAFJORD,1160,VINDAFJORD,1160,VINDAFJORD,1160,VINDAFJORD,1160,1160,VINDAFJORD
15,MØRE OG ROMSDAL,1505,KRISTIANSUND,KRISTIANSUND,1505,KRISTIANSUND,1505,KRISTIANSUND,1505,KRISTIANSUND,1505,KRISTIANSUND,1505,KRISTIANSUND,1505,KRISTIANSUND,1505,KRISTIANSUND,1505,1505,KRISTIANSUND
15,MØRE OG ROMSDAL,1506,MOLDE,MOLDE,1502,MOLDE,1502,MOLDE,1502,MOLDE,1502,MOLDE,1502,MOLDE,1502,MOLDE,1502,MOLDE,1502,1502,MOLDE
15,MØRE OG ROMSDAL,1506,MOLDE,NESSET,1543,NESSET,1543,NESSET,1543,NESSET,1543,NESSET,1543,NESSET,1543,NESSET,1543,NESSET,1543,1543,NESSET
15,MØRE OG ROMSDAL,1506,MOLDE,MIDSUND,1545,MIDSUND,1545,MIDSUND,1545,MIDSUND,1545,MIDSUND,1545,MIDSUND,1545,MIDSUND,1545,MIDSUND,1545,1545,MIDSUND
15,MØRE OG ROMSDAL,1507,ÅLESUND,ÅLESUND,1504,ÅLESUND,1504,ÅLESUND,1504,ÅLESUND,1504,ÅLESUND,1504,ÅLESUND,1504,ÅLESUND,1504,ÅLESUND,1504,1504,ÅLESUND
15,MØRE OG ROMSDAL,1507,ÅLESUND,ØRSKOG,1523,ØRSKOG,1523,ØRSKOG,1523,ØRSKOG,1523,ØRSKOG,1523,ØRSKOG,1523,ØRSKOG,1523,ØRSKOG,1523,1523,ØRSKOG
15,MØRE OG ROMSDAL,1507,ÅLESUND,SKODJE,1529,SKODJE,1529,SKODJE,1529,SKODJE,1529,SKODJE,1529,SKODJE,1529,SKODJE,1529,SKODJE,1529,1529,SKODJE
15,MØRE OG ROMSDAL,1507,ÅLESUND,HARAM,1534,HARAM,1534,HARAM,1534,HARAM,1534,HARAM,1534,HARAM,1534,HARAM,1534,HARAM,1534,1534,HARAM
15,MØRE OG ROMSDAL,1507,ÅLESUND,SANDØY,1546,SANDØY,1546,SANDØY,1546,SANDØY,1546,SANDØY,1546,SANDØY,1546,SANDØY,1546,SANDØY,1546,1546,SANDØY
15,MØRE OG ROMSDAL,1511,VANYLVEN,VANYLVEN,1511,VANYLVEN,1511,VANYLVEN,1511,VANYLVEN,1511,VANYLVEN,1511,VANYLVEN,1511,VANYLVEN,1511,VANYLVEN,1511,1511,VANYLVEN
15,MØRE OG ROMSDAL,1514,SANDE,SANDE (MØRE OG ROMSDAL),1514,SANDE (MØRE OG ROMSDAL),1514,SANDE (MØRE OG ROMSDAL),1514,SANDE (MØRE OG ROMSDAL),1514,SANDE (MØRE OG ROMSDAL),1514,SANDE (MØRE OG ROMSDAL),1514,SANDE (MØRE OG ROMSDAL),1514,SANDE (MØRE OG ROMSDAL),1514,1514,SANDE (MØRE OG ROMSDAL)
15,MØRE OG ROMSDAL,1515,HERØY,HERØY,1515,HERØY,1515,HERØY,1515,HERØY,1515,HERØY,1515,HERØY,1515,HERØY,1515,HERØY,1515,1515,HERØY
15,MØRE OG ROMSDAL,1516,ULSTEIN,ULSTEIN,1516,ULSTEIN,1516,ULSTEIN,1516,ULSTEIN,1516,ULSTEIN,1516,ULSTEIN,1516,ULSTEIN,1516,ULSTEIN,1516,1516,ULSTEIN
15,MØRE OG ROMSDAL,1517,HAREID,HAREID,1517,HAREID,1517,HAREID,1517,HAREID,1517,HAREID,1517,HAREID,1517,HAREID,1517,HAREID,1517,1517,HAREID
15,MØRE OG ROMSDAL,1520,ØRSTA,ØRSTA,1520,ØRSTA,1520,ØRSTA,1520,ØRSTA,1520,ØRSTA,1520,ØRSTA,1520,ØRSTA,1520,ØRSTA,1520,1520,ØRSTA
15,MØRE OG ROMSDAL,1525,STRANDA,STRANDA,1525,STRANDA,1525,STRANDA,1525,STRANDA,1525,STRANDA,1525,STRANDA,1525,STRANDA,1525,STRANDA,1525,1525,STRANDA
15,MØRE OG ROMSDAL,1528,SYKKYLVEN,SYKKYLVEN,1528,SYKKYLVEN,1528,SYKKYLVEN,1528,SYKKYLVEN,1528,SYKKYLVEN,1528,SYKKYLVEN,1528,SYKKYLVEN,1528,SYKKYLVEN,1528,1528,SYKKYLVEN
15,MØRE OG ROMSDAL,1531,SULA,SULA,1531,SULA,1531,SULA,1531,SULA,1531,SULA,1531,SULA,1531,SULA,1531,SULA,1531,1531,SULA
15,MØRE OG ROMSDAL,1532,GISKE,GISKE,1532,GISKE,1532,GISKE,1532,GISKE,1532,GISKE,1532,GISKE,1532,GISKE,1532,GISKE,1532,1532,GISKE
15,MØRE OG ROMSDAL,1535,VESTNES,VESTNES,1535,VESTNES,1535,VESTNES,1535,VESTNES,1535,VESTNES,1535,VESTNES,1535,VESTNES,1535,VESTNES,1535,1535,VESTNES
15,MØRE OG ROMSDAL,1539,RAUMA,RAUMA,1539,RAUMA,1539,RAUMA,1539,RAUMA,1539,RAUMA,1539,RAUMA,1539,RAUMA,1539,RAUMA,1539,1539,RAUMA
15,MØRE OG ROMSDAL,1547,AUKRA,SANDØY,1546,SANDØY,1546,SANDØY,1546,SANDØY,1546,SANDØY,1546,SANDØY,1546,SANDØY,1546,SANDØY,1546,1546,SANDØY
15,MØRE OG ROMSDAL,1554,AVERØY,AVERØY,1554,AVERØY,1554,AVERØY,1554,AVERØY,1554,AVERØY,1554,AVERØY,1554,AVERØY,1554,AVERØY,1554,1554,AVERØY
15,MØRE OG ROMSDAL,1557,GJEMNES,GJEMNES,1557,GJEMNES,1557,GJEMNES,1557,GJEMNES,1557,GJEMNES,1557,GJEMNES,1557,GJEMNES,1557,GJEMNES,1557,1557,GJEMNES
15,MØRE OG ROMSDAL,1560,TINGVOLL,TINGVOLL,1560,TINGVOLL,1560,TINGVOLL,1560,TINGVOLL,1560,TINGVOLL,1560,TINGVOLL,1560,TINGVOLL,1560,TINGVOLL,1560,1560,TINGVOLL
15,MØRE OG ROMSDAL,1563,SUNNDAL,SUNNDAL,1563,SUNNDAL,1563,SUNNDAL,1563,SUNNDAL,1563,SUNNDAL,1563,SUNNDAL,1563,SUNNDAL,1563,SUNNDAL,1563,1563,SUNNDAL
15,MØRE OG ROMSDAL,1566,SURNADAL,SURNADAL,1566,SURNADAL,1566,SURNADAL,1566,SURNADAL,1566,SURNADAL,1566,SURNADAL,1566,SURNADAL,1566,SURNADAL,1566,1566,SURNADAL
15,MØRE OG ROMSDAL,1573,SMØLA,SMØLA,1573,SMØLA,1573,SMØLA,1573,SMØLA,1573,SMØLA,1573,SMØLA,1573,SMØLA,1573,SMØLA,1573,1573,SMØLA
15,MØRE OG ROMSDAL,1576,AURE,AURE,1576,AURE,1576,AURE,1576,AURE,1576,AURE,1576,AURE,1576,AURE,1576,AURE,1576,1576,AURE
15,MØRE OG ROMSDAL,1577,VOLDA,HORNINDAL,1444,HORNINDAL,1444,HORNINDAL,1444,HORNINDAL,1444,HORNINDAL,1444,HORNINDAL,1444,HORNINDAL,1444,HORNINDAL,1444,1444,HORNINDAL
15,MØRE OG ROMSDAL,1577,VOLDA,VOLDA,1519,VOLDA,1519,VOLDA,1519,VOLDA,1519,VOLDA,1519,VOLDA,1519,VOLDA,1519,VOLDA,1519,1519,VOLDA
15,MØRE OG ROMSDAL,1577,VOLDA,ØRSTA,1520,ØRSTA,1520,ØRSTA,1520,ØRSTA,1520,ØRSTA,1520,ØRSTA,1520,ØRSTA,1520,ØRSTA,1520,1520,ØRSTA
15,MØRE OG ROMSDAL,1578,FJORD,NORDDAL,1524,NORDDAL,1524,NORDDAL,1524,NORDDAL,1524,NORDDAL,1524,NORDDAL,1524,NORDDAL,1524,NORDDAL,1524,1524,NORDDAL
15,MØRE OG ROMSDAL,1578,FJORD,STORDAL,1526,STORDAL,1526,STORDAL,1526,STORDAL,1526,STORDAL,1526,STORDAL,1526,STORDAL,1526,STORDAL,1526,1526,STORDAL
15,MØRE OG ROMSDAL,1579,HUSTADVIKA,FRÆNA,1548,FRÆNA,1548,FRÆNA,1548,FRÆNA,1548,FRÆNA,1548,FRÆNA,1548,FRÆNA,1548,FRÆNA,1548,1548,FRÆNA
15,MØRE OG ROMSDAL,1579,HUSTADVIKA,EIDE,1551,EIDE,1551,EIDE,1551,EIDE,1551,EIDE,1551,EIDE,1551,EIDE,1551,EIDE,1551,1551,EIDE
18,NORDLAND,1804,BODØ,BODØ,1804,BODØ,1804,BODØ,1804,BODØ,1804,BODØ,1804,BODØ,1804,BODØ,1804,BODØ,1804,1804,BODØ
18,NORDLAND,1806,NARVIK,NARVIK,1805,NARVIK,1805,NARVIK,1805,NARVIK,1805,NARVIK,1805,NARVIK,1805,NARVIK,1805,NARVIK,1805,1805,NARVIK
18,NORDLAND,1806,NARVIK,TYSFJORD,1850,TYSFJORD,1850,TYSFJORD,1850,TYSFJORD,1850,TYSFJORD,1850,TYSFJORD,1850,TYSFJORD,1850,TYSFJORD,1850,1850,TYSFJORD
18,NORDLAND,1806,NARVIK,BALLANGEN,1854,BALLANGEN,1854,BALLANGEN,1854,BALLANGEN,1854,BALLANGEN,1854,BALLANGEN,1854,BALLANGEN,1854,BALLANGEN,1854,1854,BALLANGEN
18,NORDLAND,1811,BINDAL,BINDAL,1811,BINDAL,1811,BINDAL,1811,BINDAL,1811,BINDAL,1811,BINDAL,1811,BINDAL,1811,BINDAL,1811,1811,BINDAL
18,NORDLAND,1812,SØMNA,SØMNA,1812,SØMNA,1812,SØMNA,1812,SØMNA,1812,SØMNA,1812,SØMNA,1812,SØMNA,1812,SØMNA,1812,1812,SØMNA
18,NORDLAND,1813,BRØNNØY,BRØNNØY,1813,BRØNNØY,1813,BRØNNØY,1813,BRØNNØY,1813,BRØNNØY,1813,BRØNNØY,1813,BRØNNØY,1813,BRØNNØY,1813,1813,BRØNNØY
18,NORDLAND,1815,VEGA,VEGA,1815,VEGA,1815,VEGA,1815,VEGA,1815,VEGA,1815,VEGA,1815,VEGA,1815,VEGA,1815,1815,VEGA
18,NORDLAND,1816,VEVELSTAD,VEVELSTAD,1816,VEVELSTAD,1816,VEVELSTAD,1816,VEVELSTAD,1816,VEVELSTAD,1816,VEVELSTAD,1816,VEVELSTAD,1816,VEVELSTAD,1816,1816,VEVELSTAD
18,NORDLAND,1818,HERØY,HERØY,1818,HERØY,1818,HERØY,1818,HERØY,1818,HERØY,1818,HERØY,1818,HERØY,1818,HERØY,1818,1818,HERØY
18,NORDLAND,1820,ALSTAHAUG,ALSTAHAUG,1820,ALSTAHAUG,1820,ALSTAHAUG,1820,ALSTAHAUG,1820,ALSTAHAUG,1820,ALSTAHAUG,1820,ALSTAHAUG,1820,ALSTAHAUG,1820,1820,ALSTAHAUG
18,NORDLAND,1822,LEIRFJORD,LEIRFJORD,1822,LEIRFJORD,1822,LEIRFJORD,1822,LEIRFJORD,1822,LEIRFJORD,1822,LEIRFJORD,1822,LEIRFJORD,1822,LEIRFJORD,1822,1822,LEIRFJORD
18,NORDLAND,1824,VEFSN,VEFSN,1824,VEFSN,1824,VEFSN,1824,VEFSN,1824,VEFSN,1824,VEFSN,1824,VEFSN,1824,VEFSN,1824,1824,VEFSN
18,NORDLAND,1825,GRANE,GRANE,1825,GRANE,1825,GRANE,1825,GRANE,1825,GRANE,1825,GRANE,1825,GRANE,1825,GRANE,1825,1825,GRANE
18,NORDLAND,1826,HATTFJELLDAL,HATTFJELLDAL,1826,HATTFJELLDAL,1826,HATTFJELLDAL,1826,HATTFJELLDAL,1826,HATTFJELLDAL,1826,HATTFJELLDAL,1826,HATTFJELLDAL,1826,HATTFJELLDAL,1826,1826,HATTFJELLDAL
18,NORDLAND,1827,DØNNA,DØNNA,1827,DØNNA,1827,DØNNA,1827,DØNNA,1827,DØNNA,1827,DØNNA,1827,DØNNA,1827,DØNNA,1827,1827,DØNNA
18,NORDLAND,1828,NESNA,NESNA,1828,NESNA,1828,NESNA,1828,NESNA,1828,NESNA,1828,NESNA,1828,NESNA,1828,NESNA,1828,1828,NESNA
18,NORDLAND,1832,HEMNES,HEMNES,1832,HEMNES,1832,HEMNES,1832,HEMNES,1832,HEMNES,1832,HEMNES,1832,HEMNES,1832,HEMNES,1832,1832,HEMNES
18,NORDLAND,1833,RANA,RANA,1833,RANA,1833,RANA,1833,RANA,1833,RANA,1833,RANA,1833,RANA,1833,RANA,1833,1833,RANA
18,NORDLAND,1834,LURØY,LURØY,1834,LURØY,1834,LURØY,1834,LURØY,1834,LURØY,1834,LURØY,1834,LURØY,1834,LURØY,1834,1834,LURØY
18,NORDLAND,1835,TRÆNA,TRÆNA,1835,TRÆNA,1835,TRÆNA,1835,TRÆNA,1835,TRÆNA,1835,TRÆNA,1835,TRÆNA,1835,TRÆNA,1835,1835,TRÆNA
18,NORDLAND,1836,RØDØY,RØDØY,1836,RØDØY,1836,RØDØY,1836,RØDØY,1836,RØDØY,1836,RØDØY,1836,RØDØY,1836,RØDØY,1836,1836,RØDØY
18,NORDLAND,1837,MELØY,MELØY,1837,MELØY,1837,MELØY,1837,MELØY,1837,MELØY,1837,MELØY,1837,MELØY,1837,MELØY,1837,1837,MELØY
18,NORDLAND,1838,GILDESKÅL,GILDESKÅL,1838,GILDESKÅL,1838,GILDESKÅL,1838,GILDESKÅL,1838,GILDESKÅL,1838,GILDESKÅL,1838,GILDESKÅL,1838,GILDESKÅL,1838,1838,GILDESKÅL
18,NORDLAND,1839,BEIARN,BEIARN,1839,BEIARN,1839,BEIARN,1839,BEIARN,1839,BEIARN,1839,BEIARN,1839,BEIARN,1839,BEIARN,1839,1839,BEIARN
18,NORDLAND,1840,SALTDAL,SALTDAL,1840,SALTDAL,1840,SALTDAL,1840,SALTDAL,1840,SALTDAL,1840,SALTDAL,1840,SALTDAL,1840,SALTDAL,1840,1840,SALTDAL
18,NORDLAND,1841,FAUSKE,FAUSKE,1841,FAUSKE,1841,FAUSKE,1841,FAUSKE,1841,FAUSKE,1841,FAUSKE,1841,FAUSKE,1841,FAUSKE,1841,1841,FAUSKE
18,NORDLAND,1845,SØRFOLD,SØRFOLD,1845,SØRFOLD,1845,SØRFOLD,1845,SØRFOLD,1845,SØRFOLD,1845,SØRFOLD,1845,SØRFOLD,1845,SØRFOLD,1845,1845,SØRFOLD
18,NORDLAND,1848,STEIGEN,STEIGEN,1848,STEIGEN,1848,STEIGEN,1848,STEIGEN,1848,STEIGEN,1848,STEIGEN,1848,STEIGEN,1848,STEIGEN,1848,1848,STEIGEN
18,NORDLAND,1851,LØDINGEN,LØDINGEN,1851,LØDINGEN,1851,LØDINGEN,1851,LØDINGEN,1851,LØDINGEN,1851,LØDINGEN,1851,LØDINGEN,1851,LØDINGEN,1851,1851,LØDINGEN
18,NORDLAND,1853,EVENES,EVENES,1853,EVENES,1853,EVENES,1853,EVENES,1853,EVENES,1853,EVENES,1853,EVENES,1853,EVENES,1853,1853,EVENES
18,NORDLAND,1856,RØST,RØST,1856,RØST,1856,RØST,1856,RØST,1856,RØST,1856,RØST,1856,RØST,1856,RØST,1856,1856,RØST
18,NORDLAND,1857,VÆRØY,VÆRØY,1857,VÆRØY,1857,VÆRØY,1857,VÆRØY,1857,VÆRØY,1857,VÆRØY,1857,VÆRØY,1857,VÆRØY,1857,1857,VÆRØY
18,NORDLAND,1859,FLAKSTAD,FLAKSTAD,1859,FLAKSTAD,1859,FLAKSTAD,1859,FLAKSTAD,1859,FLAKSTAD,1859,FLAKSTAD,1859,FLAKSTAD,1859,FLAKSTAD,1859,1859,FLAKSTAD
18,NORDLAND,1860,VESTVÅGØY,VESTVÅGØY,1860,VESTVÅGØY,1860,VESTVÅGØY,1860,VESTVÅGØY,1860,VESTVÅGØY,1860,VESTVÅGØY,1860,VESTVÅGØY,1860,VESTVÅGØY,1860,1860,VESTVÅGØY
18,NORDLAND,1865,VÅGAN,VÅGAN,1865,VÅGAN,1865,VÅGAN,1865,VÅGAN,1865,VÅGAN,1865,VÅGAN,1865,VÅGAN,1865,VÅGAN,1865,1865,VÅGAN
18,NORDLAND,1866,HADSEL,HADSEL,1866,HADSEL,1866,HADSEL,1866,HADSEL,1866,HADSEL,1866,HADSEL,1866,HADSEL,1866,HADSEL,1866,1866,HADSEL
18,NORDLAND,1867,BØ,BØ (NORDLAND),1867,BØ (NORDLAND),1867,BØ (NORDLAND),1867,BØ (NORDLAND),1867,BØ (NORDLAND),1867,BØ (NORDLAND),1867,BØ (NORDLAND),1867,BØ (NORDLAND),1867,1867,BØ (NORDLAND)
18,NORDLAND,1868,ØKSNES,ØKSNES,1868,ØKSNES,1868,ØKSNES,1868,ØKSNES,1868,ØKSNES,1868,ØKSNES,1868,ØKSNES,1868,ØKSNES,1868,1868,ØKSNES
18,NORDLAND,1870,SORTLAND,SORTLAND,1870,SORTLAND,1870,SORTLAND,1870,SORTLAND,1870,SORTLAND,1870,SORTLAND,1870,SORTLAND,1870,SORTLAND,1870,1870,SORTLAND
18,NORDLAND,1871,ANDØY,ANDØY,1871,ANDØY,1871,ANDØY,1871,ANDØY,1871,ANDØY,1871,ANDØY,1871,ANDØY,1871,ANDØY,1871,1871,ANDØY
18,NORDLAND,1874,MOSKENES,MOSKENES,1874,MOSKENES,1874,MOSKENES,1874,MOSKENES,1874,MOSKENES,1874,MOSKENES,1874,MOSKENES,1874,MOSKENES,1874,1874,MOSKENES
18,NORDLAND,1875,HAMARØY,HAMARØY,1849,HAMARØY,1849,HAMARØY,1849,HAMARØY,1849,HAMARØY,1849,HAMARØY,1849,HAMARØY,1849,HAMARØY,1849,1849,HAMARØY
18,NORDLAND,1875,HAMARØY,TYSFJORD,1850,TYSFJORD,1850,TYSFJORD,1850,TYSFJORD,1850,TYSFJORD,1850,TYSFJORD,1850,TYSFJORD,1850,TYSFJORD,1850,1850,TYSFJORD
30,VIKEN,3001,HALDEN,HALDEN,101,HALDEN,101,HALDEN,101,HALDEN,101,HALDEN,101,HALDEN,101,HALDEN,101,HALDEN,101,101,HALDEN
30,VIKEN,3002,MOSS,MOSS,104,MOSS,104,MOSS,104,MOSS,104,MOSS,104,MOSS,104,MOSS,104,MOSS,104,104,MOSS
30,VIKEN,3002,MOSS,RYGGE,136,RYGGE,136,RYGGE,136,RYGGE,136,RYGGE,136,RYGGE,136,RYGGE,136,RYGGE,136,136,RYGGE
30,VIKEN,3003,SARPSBORG,SARPSBORG,105,SARPSBORG,105,SARPSBORG,105,SARPSBORG,105,SARPSBORG,105,SARPSBORG,105,SARPSBORG,105,SARPSBORG,105,105,SARPSBORG
30,VIKEN,3004,FREDRIKSTAD,FREDRIKSTAD,106,FREDRIKSTAD,106,FREDRIKSTAD,106,FREDRIKSTAD,106,FREDRIKSTAD,106,FREDRIKSTAD,106,FREDRIKSTAD,106,FREDRIKSTAD,106,106,FREDRIKSTAD
30,VIKEN,3005,DRAMMEN,DRAMMEN,602,DRAMMEN,602,DRAMMEN,602,DRAMMEN,602,DRAMMEN,602,DRAMMEN,602,DRAMMEN,602,DRAMMEN,602,602,DRAMMEN
30,VIKEN,3005,DRAMMEN,NEDRE EIKER,625,NEDRE EIKER,625,NEDRE EIKER,625,NEDRE EIKER,625,NEDRE EIKER,625,NEDRE EIKER,625,NEDRE EIKER,625,NEDRE EIKER,625,625,NEDRE EIKER
30,VIKEN,3005,DRAMMEN,SVELVIK,711,SVELVIK,711,SVELVIK,711,SVELVIK,711,SVELVIK,711,SVELVIK,711,SVELVIK,711,SVELVIK,711,711,SVELVIK
30,VIKEN,3006,KONGSBERG,KONGSBERG,604,KONGSBERG,604,KONGSBERG,604,KONGSBERG,604,KONGSBERG,604,KONGSBERG,604,KONGSBERG,604,KONGSBERG,604,604,KONGSBERG
30,VIKEN,3007,RINGERIKE,RINGERIKE,605,RINGERIKE,605,RINGERIKE,605,RINGERIKE,605,RINGERIKE,605,RINGERIKE,605,RINGERIKE,605,RINGERIKE,605,605,RINGERIKE
30,VIKEN,3011,HVALER,HVALER,111,HVALER,111,HVALER,111,HVALER,111,HVALER,111,HVALER,111,HVALER,111,HVALER,111,111,HVALER
30,VIKEN,3012,AREMARK,AREMARK,118,AREMARK,118,AREMARK,118,AREMARK,118,AREMARK,118,AREMARK,118,AREMARK,118,AREMARK,118,118,AREMARK
30,VIKEN,3013,MARKER,MARKER,119,MARKER,119,MARKER,119,MARKER,119,MARKER,119,MARKER,119,MARKER,119,MARKER,119,119,MARKER
30,VIKEN,3014,INDRE ØSTFOLD,TRØGSTAD,122,TRØGSTAD,122,TRØGSTAD,122,TRØGSTAD,122,TRØGSTAD,122,TRØGSTAD,122,TRØGSTAD,122,TRØGSTAD,122,122,TRØGSTAD
30,VIKEN,3014,INDRE ØSTFOLD,SPYDEBERG,123,SPYDEBERG,123,SPYDEBERG,123,SPYDEBERG,123,SPYDEBERG,123,SPYDEBERG,123,SPYDEBERG,123,SPYDEBERG,123,123,SPYDEBERG
30,VIKEN,3014,INDRE ØSTFOLD,ASKIM,124,ASKIM,124,ASKIM,124,ASKIM,124,ASKIM,124,ASKIM,124,ASKIM,124,ASKIM,124,124,ASKIM
30,VIKEN,3014,INDRE ØSTFOLD,EIDSBERG,125,EIDSBERG,125,EIDSBERG,125,EIDSBERG,125,EIDSBERG,125,EIDSBERG,125,EIDSBERG,125,EIDSBERG,125,125,EIDSBERG
30,VIKEN,3014,INDRE ØSTFOLD,HOBØL,138,HOBØL,138,HOBØL,138,HOBØL,138,HOBØL,138,HOBØL,138,HOBØL,138,HOBØL,138,138,HOBØL
30,VIKEN,3015,SKIPTVET,SKIPTVET,127,SKIPTVET,127,SKIPTVET,127,SKIPTVET,127,SKIPTVET,127,SKIPTVET,127,SKIPTVET,127,SKIPTVET,127,127,SKIPTVET
30,VIKEN,3016,RAKKESTAD,RAKKESTAD,128,RAKKESTAD,128,RAKKESTAD,128,RAKKESTAD,128,RAKKESTAD,128,RAKKESTAD,128,RAKKESTAD,128,RAKKESTAD,128,128,RAKKESTAD
30,VIKEN,3017,RÅDE,RÅDE,135,RÅDE,135,RÅDE,135,RÅDE,135,RÅDE,135,RÅDE,135,RÅDE,135,RÅDE,135,135,RÅDE
30,VIKEN,3018,VÅLER (VIKEN),VÅLER (ØSTFOLD),137,VÅLER (ØSTFOLD),137,VÅLER (ØSTFOLD),137,VÅLER (ØSTFOLD),137,VÅLER (ØSTFOLD),137,VÅLER (ØSTFOLD),137,VÅLER (ØSTFOLD),137,VÅLER (ØSTFOLD),137,137,VÅLER (ØSTFOLD)
30,VIKEN,3019,VESTBY,VESTBY,211,VESTBY,211,VESTBY,211,VESTBY,211,VESTBY,211,VESTBY,211,VESTBY,211,VESTBY,211,211,VESTBY
30,VIKEN,3020,NORDRE FOLLO,SKI,213,SKI,213,SKI,213,SKI,213,SKI,213,SKI,213,SKI,213,SKI,213,213,SKI
30,VIKEN,3020,NORDRE FOLLO,OPPEGÅRD,217,OPPEGÅRD,217,OPPEGÅRD,217,OPPEGÅRD,217,OPPEGÅRD,217,OPPEGÅRD,217,OPPEGÅRD,217,OPPEGÅRD,217,217,OPPEGÅRD
30,VIKEN,3021,ÅS,ÅS,214,ÅS,214,ÅS,214,ÅS,214,ÅS,214,ÅS,214,ÅS,214,ÅS,214,214,ÅS
30,VIKEN,3022,FROGN,FROGN,215,FROGN,215,FROGN,215,FROGN,215,FROGN,215,FROGN,215,FROGN,215,FROGN,215,215,FROGN
30,VIKEN,3023,NESODDEN,NESODDEN,216,NESODDEN,216,NESODDEN,216,NESODDEN,216,NESODDEN,216,NESODDEN,216,NESODDEN,216,NESODDEN,216,216,NESODDEN
30,VIKEN,3024,BÆRUM,BÆRUM,219,BÆRUM,219,BÆRUM,219,BÆRUM,219,BÆRUM,219,BÆRUM,219,BÆRUM,219,BÆRUM,219,219,BÆRUM
30,VIKEN,3025,ASKER,ASKER,220,ASKER,220,ASKER,220,ASKER,220,ASKER,220,ASKER,220,ASKER,220,ASKER,220,220,ASKER
30,VIKEN,3025,ASKER,RØYKEN,627,RØYKEN,627,RØYKEN,627,RØYKEN,627,RØYKEN,627,RØYKEN,627,RØYKEN,627,RØYKEN,627,627,RØYKEN
30,VIKEN,3025,ASKER,HURUM,628,HURUM,628,HURUM,628,HURUM,628,HURUM,628,HURUM,628,HURUM,628,HURUM,628,628,HURUM
30,VIKEN,3026,AURSKOG-HØLAND,RØMSKOG,121,RØMSKOG,121,RØMSKOG,121,RØMSKOG,121,RØMSKOG,121,RØMSKOG,121,RØMSKOG,121,RØMSKOG,121,121,RØMSKOG
30,VIKEN,3026,AURSKOG-HØLAND,AURSKOG-HØLAND,221,AURSKOG-HØLAND,221,AURSKOG-HØLAND,221,AURSKOG-HØLAND,221,AURSKOG-HØLAND,221,AURSKOG-HØLAND,221,AURSKOG-HØLAND,221,AURSKOG-HØLAND,221,221,AURSKOG-HØLAND
30,VIKEN,3027,RÆLINGEN,RÆLINGEN,228,RÆLINGEN,228,RÆLINGEN,228,RÆLINGEN,228,RÆLINGEN,228,RÆLINGEN,228,RÆLINGEN,228,RÆLINGEN,228,228,RÆLINGEN
30,VIKEN,3028,ENEBAKK,ENEBAKK,229,ENEBAKK,229,ENEBAKK,229,ENEBAKK,229,ENEBAKK,229,ENEBAKK,229,ENEBAKK,229,ENEBAKK,229,229,ENEBAKK
30,VIKEN,3029,LØRENSKOG,LØRENSKOG,230,LØRENSKOG,230,LØRENSKOG,230,LØRENSKOG,230,LØRENSKOG,230,LØRENSKOG,230,LØRENSKOG,230,LØRENSKOG,230,230,LØRENSKOG
30,VIKEN,3030,LILLESTRØM,SØRUM,226,SØRUM,226,SØRUM,226,SØRUM,226,SØRUM,226,SØRUM,226,SØRUM,226,SØRUM,226,226,SØRUM
30,VIKEN,3030,LILLESTRØM,FET,227,FET,227,FET,227,FET,227,FET,227,FET,227,FET,227,FET,227,227,FET
30,VIKEN,3030,LILLESTRØM,SKEDSMO,231,SKEDSMO,231,SKEDSMO,231,SKEDSMO,231,SKEDSMO,231,SKEDSMO,231,SKEDSMO,231,SKEDSMO,231,231,SKEDSMO
30,VIKEN,3031,NITTEDAL,NITTEDAL,233,NITTEDAL,233,NITTEDAL,233,NITTEDAL,233,NITTEDAL,233,NITTEDAL,233,NITTEDAL,233,NITTEDAL,233,233,NITTEDAL
30,VIKEN,3032,GJERDRUM,GJERDRUM,234,GJERDRUM,234,GJERDRUM,234,GJERDRUM,234,GJERDRUM,234,GJERDRUM,234,GJERDRUM,234,GJERDRUM,234,234,GJERDRUM
30,VIKEN,3033,ULLENSAKER,ULLENSAKER,235,ULLENSAKER,235,ULLENSAKER,235,ULLENSAKER,235,ULLENSAKER,235,ULLENSAKER,235,ULLENSAKER,235,ULLENSAKER,235,235,ULLENSAKER
30,VIKEN,3034,NES,SØRUM,226,SØRUM,226,SØRUM,226,SØRUM,226,SØRUM,226,SØRUM,226,SØRUM,226,SØRUM,226,226,SØRUM
30,VIKEN,3034,NES,NES (AKERSHUS),236,NES (AKERSHUS),236,NES (AKERSHUS),236,NES (AKERSHUS),236,NES (AKERSHUS),236,NES (AKERSHUS),236,NES (AKERSHUS),236,NES (AKERSHUS),236,236,NES (AKERSHUS)
30,VIKEN,3035,EIDSVOLL,EIDSVOLL,237,EIDSVOLL,237,EIDSVOLL,237,EIDSVOLL,237,EIDSVOLL,237,EIDSVOLL,237,EIDSVOLL,237,EIDSVOLL,237,237,EIDSVOLL
30,VIKEN,3036,NANNESTAD,NANNESTAD,238,NANNESTAD,238,NANNESTAD,238,NANNESTAD,238,NANNESTAD,238,NANNESTAD,238,NANNESTAD,238,NANNESTAD,238,238,NANNESTAD
30,VIKEN,3037,HURDAL,HURDAL,239,HURDAL,239,HURDAL,239,HURDAL,239,HURDAL,239,HURDAL,239,HURDAL,239,HURDAL,239,239,HURDAL
30,VIKEN,3038,HOLE,HOLE,612,HOLE,612,HOLE,612,HOLE,612,HOLE,612,HOLE,612,HOLE,612,HOLE,612,612,HOLE
30,VIKEN,3039,FLÅ,FLÅ,615,FLÅ,615,FLÅ,615,FLÅ,615,FLÅ,615,FLÅ,615,FLÅ,615,FLÅ,615,615,FLÅ
30,VIKEN,3040,NESBYEN,NES (BUSKERUD),616,NES (BUSKERUD),616,NES (BUSKERUD),616,NES (BUSKERUD),616,NES (BUSKERUD),616,NES (BUSKERUD),616,NES (BUSKERUD),616,NES (BUSKERUD),616,616,NES (BUSKERUD)
30,VIKEN,3041,GOL,GOL,617,GOL,617,GOL,617,GOL,617,GOL,617,GOL,617,GOL,617,GOL,617,617,GOL
30,VIKEN,3042,HEMSEDAL,HEMSEDAL,618,HEMSEDAL,618,HEMSEDAL,618,HEMSEDAL,618,HEMSEDAL,618,HEMSEDAL,618,HEMSEDAL,618,HEMSEDAL,618,618,HEMSEDAL
30,VIKEN,3043,ÅL,ÅL,619,ÅL,619,ÅL,619,ÅL,619,ÅL,619,ÅL,619,ÅL,619,ÅL,619,619,ÅL
30,VIKEN,3044,HOL,HOL,620,HOL,620,HOL,620,HOL,620,HOL,620,HOL,620,HOL,620,HOL,620,620,HOL
30,VIKEN,3045,SIGDAL,SIGDAL,621,SIGDAL,621,SIGDAL,621,SIGDAL,621,SIGDAL,621,SIGDAL,621,SIGDAL,621,SIGDAL,621,621,SIGDAL
30,VIKEN,3046,KRØDSHERAD,KRØDSHERAD,622,KRØDSHERAD,622,KRØDSHERAD,622,KRØDSHERAD,622,KRØDSHERAD,622,KRØDSHERAD,622,KRØDSHERAD,622,KRØDSHERAD,622,622,KRØDSHERAD
30,VIKEN,3047,MODUM,MODUM,623,MODUM,623,MODUM,623,MODUM,623,MODUM,623,MODUM,623,MODUM,623,MODUM,623,623,MODUM
30,VIKEN,3048,ØVRE EIKER,ØVRE EIKER,624,ØVRE EIKER,624,ØVRE EIKER,624,ØVRE EIKER,624,ØVRE EIKER,624,ØVRE EIKER,624,ØVRE EIKER,624,ØVRE EIKER,624,624,ØVRE EIKER
30,VIKEN,3049,LIER,LIER,626,LIER,626,LIER,626,LIER,626,LIER,626,LIER,626,LIER,626,LIER,626,626,LIER
30,VIKEN,3050,FLESBERG,FLESBERG,631,FLESBERG,631,FLESBERG,631,FLESBERG,631,FLESBERG,631,FLESBERG,631,FLESBERG,631,FLESBERG,631,631,FLESBERG
30,VIKEN,3051,ROLLAG,ROLLAG,632,ROLLAG,632,ROLLAG,632,ROLLAG,632,ROLLAG,632,ROLLAG,632,ROLLAG,632,ROLLAG,632,632,ROLLAG
30,VIKEN,3052,NORE OG UVDAL,NORE OG UVDAL,633,NORE OG UVDAL,633,NORE OG UVDAL,633,NORE OG UVDAL,633,NORE OG UVDAL,633,NORE OG UVDAL,633,NORE OG UVDAL,633,NORE OG UVDAL,633,633,NORE OG UVDAL
30,VIKEN,3053,JEVNAKER,JEVNAKER,532,JEVNAKER,532,JEVNAKER,532,JEVNAKER,532,JEVNAKER,532,JEVNAKER,532,JEVNAKER,532,JEVNAKER,532,532,JEVNAKER
30,VIKEN,3054,LUNNER,LUNNER,533,LUNNER,533,LUNNER,533,LUNNER,533,LUNNER,533,LUNNER,533,LUNNER,533,LUNNER,533,533,LUNNER
34,INNLANDET,3401,KONGSVINGER,KONGSVINGER,402,KONGSVINGER,402,KONGSVINGER,402,KONGSVINGER,402,KONGSVINGER,402,KONGSVINGER,402,KONGSVINGER,402,KONGSVINGER,402,402,KONGSVINGER
34,INNLANDET,3403,HAMAR,HAMAR,403,HAMAR,403,HAMAR,403,HAMAR,403,HAMAR,403,HAMAR,403,HAMAR,403,HAMAR,403,403,HAMAR
34,INNLANDET,3405,LILLEHAMMER,LILLEHAMMER,501,LILLEHAMMER,501,LILLEHAMMER,501,LILLEHAMMER,501,LILLEHAMMER,501,LILLEHAMMER,501,LILLEHAMMER,501,LILLEHAMMER,501,501,LILLEHAMMER
34,INNLANDET,3407,GJØVIK,GJØVIK,502,GJØVIK,502,GJØVIK,502,GJØVIK,502,GJØVIK,502,GJØVIK,502,GJØVIK,502,GJØVIK,502,502,GJØVIK
34,INNLANDET,3411,RINGSAKER,RINGSAKER,412,RINGSAKER,412,RINGSAKER,412,RINGSAKER,412,RINGSAKER,412,RINGSAKER,412,RINGSAKER,412,RINGSAKER,412,412,RINGSAKER
34,INNLANDET,3412,LØTEN,LØTEN,415,LØTEN,415,LØTEN,415,LØTEN,415,LØTEN,415,LØTEN,415,LØTEN,415,LØTEN,415,415,LØTEN
34,INNLANDET,3413,STANGE,STANGE,417,STANGE,417,STANGE,417,STANGE,417,STANGE,417,STANGE,417,STANGE,417,STANGE,417,417,STANGE
34,INNLANDET,3414,NORD-ODAL,NORD-ODAL,418,NORD-ODAL,418,NORD-ODAL,418,NORD-ODAL,418,NORD-ODAL,418,NORD-ODAL,418,NORD-ODAL,418,NORD-ODAL,418,418,NORD-ODAL
34,INNLANDET,3415,SØR-ODAL,SØR-ODAL,419,SØR-ODAL,419,SØR-ODAL,419,SØR-ODAL,419,SØR-ODAL,419,SØR-ODAL,419,SØR-ODAL,419,SØR-ODAL,419,419,SØR-ODAL
34,INNLANDET,3416,EIDSKOG,EIDSKOG,420,EIDSKOG,420,EIDSKOG,420,EIDSKOG,420,EIDSKOG,420,EIDSKOG,420,EIDSKOG,420,EIDSKOG,420,420,EIDSKOG
34,INNLANDET,3417,GRUE,GRUE,423,GRUE,423,GRUE,423,GRUE,423,GRUE,423,GRUE,423,GRUE,423,GRUE,423,423,GRUE
34,INNLANDET,3418,ÅSNES,ÅSNES,425,ÅSNES,425,ÅSNES,425,ÅSNES,425,ÅSNES,425,ÅSNES,425,ÅSNES,425,ÅSNES,425,425,ÅSNES
34,INNLANDET,3419,VÅLER (INNLANDET),VÅLER (HEDMARK),426,VÅLER (HEDMARK),426,VÅLER (HEDMARK),426,VÅLER (HEDMARK),426,VÅLER (HEDMARK),426,VÅLER (HEDMARK),426,VÅLER (HEDMARK),426,VÅLER (HEDMARK),426,426,VÅLER (HEDMARK)
34,INNLANDET,3420,ELVERUM,ELVERUM,427,ELVERUM,427,ELVERUM,427,ELVERUM,427,ELVERUM,427,ELVERUM,427,ELVERUM,427,ELVERUM,427,427,ELVERUM
34,INNLANDET,3421,TRYSIL,TRYSIL,428,TRYSIL,428,TRYSIL,428,TRYSIL,428,TRYSIL,428,TRYSIL,428,TRYSIL,428,TRYSIL,428,428,TRYSIL
34,INNLANDET,3422,ÅMOT,ÅMOT,429,ÅMOT,429,ÅMOT,429,ÅMOT,429,ÅMOT,429,ÅMOT,429,ÅMOT,429,ÅMOT,429,429,ÅMOT
34,INNLANDET,3423,STOR-ELVDAL,STOR-ELVDAL,430,STOR-ELVDAL,430,STOR-ELVDAL,430,STOR-ELVDAL,430,STOR-ELVDAL,430,STOR-ELVDAL,430,STOR-ELVDAL,430,STOR-ELVDAL,430,430,STOR-ELVDAL
34,INNLANDET,3424,RENDALEN,RENDALEN,432,RENDALEN,432,RENDALEN,432,RENDALEN,432,RENDALEN,432,RENDALEN,432,RENDALEN,432,RENDALEN,432,432,RENDALEN
34,INNLANDET,3425,ENGERDAL,ENGERDAL,434,ENGERDAL,434,ENGERDAL,434,ENGERDAL,434,ENGERDAL,434,ENGERDAL,434,ENGERDAL,434,ENGERDAL,434,434,ENGERDAL
34,INNLANDET,3426,TOLGA,TOLGA,436,TOLGA,436,TOLGA,436,TOLGA,436,TOLGA,436,TOLGA,436,TOLGA,436,TOLGA,436,436,TOLGA
34,INNLANDET,3427,TYNSET,TYNSET,437,TYNSET,437,TYNSET,437,TYNSET,437,TYNSET,437,TYNSET,437,TYNSET,437,TYNSET,437,437,TYNSET
34,INNLANDET,3428,ALVDAL,ALVDAL,438,ALVDAL,438,ALVDAL,438,ALVDAL,438,ALVDAL,438,ALVDAL,438,ALVDAL,438,ALVDAL,438,438,ALVDAL
34,INNLANDET,3429,FOLLDAL,FOLLDAL,439,FOLLDAL,439,FOLLDAL,439,FOLLDAL,439,FOLLDAL,439,FOLLDAL,439,FOLLDAL,439,FOLLDAL,439,439,FOLLDAL
34,INNLANDET,3430,OS (INNLANDET),OS (INNLANDET),3430,OS (INNLANDET),3430,OS (INNLANDET),3430,OS (INNLANDET),3430,OS (INNLANDET),3430,OS (INNLANDET),3430,OS (INNLANDET),3430,OS (INNLANDET),3430,3430,OS (INNLANDET)
34,INNLANDET,3431,DOVRE,DOVRE,511,DOVRE,511,DOVRE,511,DOVRE,511,DOVRE,511,DOVRE,511,DOVRE,511,DOVRE,511,511,DOVRE
34,INNLANDET,3432,LESJA,LESJA,512,LESJA,512,LESJA,512,LESJA,512,LESJA,512,LESJA,512,LESJA,512,LESJA,512,512,LESJA
34,INNLANDET,3433,SKJÅK,SKJÅK,513,SKJÅK,513,SKJÅK,513,SKJÅK,513,SKJÅK,513,SKJÅK,513,SKJÅK,513,SKJÅK,513,513,SKJÅK
34,INNLANDET,3434,LOM,LOM,514,LOM,514,LOM,514,LOM,514,LOM,514,LOM,514,LOM,514,LOM,514,514,LOM
34,INNLANDET,3435,VÅGÅ,VÅGÅ,515,VÅGÅ,515,VÅGÅ,515,VÅGÅ,515,VÅGÅ,515,VÅGÅ,515,VÅGÅ,515,VÅGÅ,515,515,VÅGÅ
34,INNLANDET,3436,NORD-FRON,NORD-FRON,516,NORD-FRON,516,NORD-FRON,516,NORD-FRON,516,NORD-FRON,516,NORD-FRON,516,NORD-FRON,516,NORD-FRON,516,516,NORD-FRON
34,INNLANDET,3437,SEL,SEL,517,SEL,517,SEL,517,SEL,517,SEL,517,SEL,517,SEL,517,SEL,517,517,SEL
34,INNLANDET,3438,SØR-FRON,SØR-FRON,519,SØR-FRON,519,SØR-FRON,519,SØR-FRON,519,SØR-FRON,519,SØR-FRON,519,SØR-FRON,519,SØR-FRON,519,519,SØR-FRON
34,INNLANDET,3439,RINGEBU,RINGEBU,520,RINGEBU,520,RINGEBU,520,RINGEBU,520,RINGEBU,520,RINGEBU,520,RINGEBU,520,RINGEBU,520,520,RINGEBU
34,INNLANDET,3440,ØYER,ØYER,521,ØYER,521,ØYER,521,ØYER,521,ØYER,521,ØYER,521,ØYER,521,ØYER,521,521,ØYER
34,INNLANDET,3441,GAUSDAL,GAUSDAL,522,GAUSDAL,522,GAUSDAL,522,GAUSDAL,522,GAUSDAL,522,GAUSDAL,522,GAUSDAL,522,GAUSDAL,522,522,GAUSDAL
34,INNLANDET,3442,ØSTRE TOTEN,ØSTRE TOTEN,528,ØSTRE TOTEN,528,ØSTRE TOTEN,528,ØSTRE TOTEN,528,ØSTRE TOTEN,528,ØSTRE TOTEN,528,ØSTRE TOTEN,528,ØSTRE TOTEN,528,528,ØSTRE TOTEN
34,INNLANDET,3443,VESTRE TOTEN,VESTRE TOTEN,529,VESTRE TOTEN,529,VESTRE TOTEN,529,VESTRE TOTEN,529,VESTRE TOTEN,529,VESTRE TOTEN,529,VESTRE TOTEN,529,VESTRE TOTEN,529,529,VESTRE TOTEN
34,INNLANDET,3446,GRAN,GRAN,534,GRAN,534,GRAN,534,GRAN,534,GRAN,534,GRAN,534,GRAN,534,GRAN,534,534,GRAN
34,INNLANDET,3447,SØNDRE LAND,SØNDRE LAND,536,SØNDRE LAND,536,SØNDRE LAND,536,SØNDRE LAND,536,SØNDRE LAND,536,SØNDRE LAND,536,SØNDRE LAND,536,SØNDRE LAND,536,536,SØNDRE LAND
34,INNLANDET,3448,NORDRE LAND,NORDRE LAND,538,NORDRE LAND,538,NORDRE LAND,538,NORDRE LAND,538,NORDRE LAND,538,NORDRE LAND,538,NORDRE LAND,538,NORDRE LAND,538,538,NORDRE LAND
34,INNLANDET,3449,SØR-AURDAL,SØR-AURDAL,540,SØR-AURDAL,540,SØR-AURDAL,540,SØR-AURDAL,540,SØR-AURDAL,540,SØR-AURDAL,540,SØR-AURDAL,540,SØR-AURDAL,540,540,SØR-AURDAL
34,INNLANDET,3450,ETNEDAL,ETNEDAL,541,ETNEDAL,541,ETNEDAL,541,ETNEDAL,541,ETNEDAL,541,ETNEDAL,541,ETNEDAL,541,ETNEDAL,541,541,ETNEDAL
34,INNLANDET,3451,NORD-AURDAL,NORD-AURDAL,542,NORD-AURDAL,542,NORD-AURDAL,542,NORD-AURDAL,542,NORD-AURDAL,542,NORD-AURDAL,542,NORD-AURDAL,542,NORD-AURDAL,542,542,NORD-AURDAL
34,INNLANDET,3452,VESTRE SLIDRE,VESTRE SLIDRE,543,VESTRE SLIDRE,543,VESTRE SLIDRE,543,VESTRE SLIDRE,543,VESTRE SLIDRE,543,VESTRE SLIDRE,543,VESTRE SLIDRE,543,VESTRE SLIDRE,543,543,VESTRE SLIDRE
34,INNLANDET,3453,ØYSTRE SLIDRE,ØYSTRE SLIDRE,544,ØYSTRE SLIDRE,544,ØYSTRE SLIDRE,544,ØYSTRE SLIDRE,544,ØYSTRE SLIDRE,544,ØYSTRE SLIDRE,544,ØYSTRE SLIDRE,544,ØYSTRE SLIDRE,544,544,ØYSTRE SLIDRE
34,INNLANDET,3454,VANG,VANG,545,VANG,545,VANG,545,VANG,545,VANG,545,VANG,545,VANG,545,VANG,545,545,VANG
38,VESTFOLD OG TELEMARK,3801,HORTEN,HORTEN,701,HORTEN,701,HORTEN,701,HORTEN,701,HORTEN,701,HORTEN,701,HORTEN,701,HORTEN,701,701,HORTEN
38,VESTFOLD OG TELEMARK,3802,HOLMESTRAND,SANDE (VESTFOLD),713,SANDE (VESTFOLD),713,SANDE (VESTFOLD),713,SANDE (VESTFOLD),713,SANDE (VESTFOLD),713,SANDE (VESTFOLD),713,SANDE (VESTFOLD),713,SANDE (VESTFOLD),713,713,SANDE (VESTFOLD)
38,VESTFOLD OG TELEMARK,3802,HOLMESTRAND,HOLMESTRAND,715,HOLMESTRAND,715,HOLMESTRAND,702,HOLMESTRAND,702,HOLMESTRAND,702,HOLMESTRAND,702,HOLMESTRAND,702,HOLMESTRAND,702,702,HOLMESTRAND
38,VESTFOLD OG TELEMARK,3802,HOLMESTRAND,HOLMESTRAND,715,HOLMESTRAND,715,HOF,714,HOF,714,HOF,714,HOF,714,HOF,714,HOF,714,714,HOF
38,VESTFOLD OG TELEMARK,3803,TØNSBERG,TØNSBERG,704,TØNSBERG,704,TØNSBERG,704,STOKKE,720,STOKKE,720,STOKKE,720,STOKKE,720,STOKKE,720,720,STOKKE
38,VESTFOLD OG TELEMARK,3803,TØNSBERG,RE,716,RE,716,RE,716,RE,716,RE,716,RE,716,RE,716,RE,716,716,RE
38,VESTFOLD OG TELEMARK,3804,SANDEFJORD,SANDEFJORD,710,SANDEFJORD,710,SANDEFJORD,710,SANDEFJORD,706,SANDEFJORD,706,SANDEFJORD,706,SANDEFJORD,706,SANDEFJORD,706,706,SANDEFJORD
38,VESTFOLD OG TELEMARK,3804,SANDEFJORD,SANDEFJORD,710,SANDEFJORD,710,SANDEFJORD,710,ANDEBU,719,ANDEBU,719,ANDEBU,719,ANDEBU,719,ANDEBU,719,719,ANDEBU
38,VESTFOLD OG TELEMARK,3804,SANDEFJORD,SANDEFJORD,710,SANDEFJORD,710,SANDEFJORD,710,STOKKE,720,STOKKE,720,STOKKE,720,STOKKE,720,STOKKE,720,720,STOKKE
38,VESTFOLD OG TELEMARK,3805,LARVIK,LARVIK,712,LARVIK,712,LARVIK,709,LARVIK,709,LARVIK,709,LARVIK,709,LARVIK,709,LARVIK,709,709,LARVIK
38,VESTFOLD OG TELEMARK,3805,LARVIK,LARVIK,712,LARVIK,712,LARDAL,728,LARDAL,728,LARDAL,728,LARDAL,728,LARDAL,728,LARDAL,728,728,LARDAL
38,VESTFOLD OG TELEMARK,3806,PORSGRUNN,PORSGRUNN,805,PORSGRUNN,805,PORSGRUNN,805,PORSGRUNN,805,PORSGRUNN,805,PORSGRUNN,805,PORSGRUNN,805,PORSGRUNN,805,805,PORSGRUNN
38,VESTFOLD OG TELEMARK,3807,SKIEN,SKIEN,806,SKIEN,806,SKIEN,806,SKIEN,806,SKIEN,806,SKIEN,806,SKIEN,806,SKIEN,806,806,SKIEN
38,VESTFOLD OG TELEMARK,3808,NOTODDEN,NOTODDEN,807,NOTODDEN,807,NOTODDEN,807,NOTODDEN,807,NOTODDEN,807,NOTODDEN,807,NOTODDEN,807,NOTODDEN,807,807,NOTODDEN
38,VESTFOLD OG TELEMARK,3811,FÆRDER,FÆRDER,729,FÆRDER,729,NØTTERØY,722,NØTTERØY,722,NØTTERØY,722,NØTTERØY,722,NØTTERØY,722,NØTTERØY,722,722,NØTTERØY
38,VESTFOLD OG TELEMARK,3811,FÆRDER,FÆRDER,729,FÆRDER,729,TJØME,723,TJØME,723,TJØME,723,TJØME,723,TJØME,723,TJØME,723,723,TJØME
38,VESTFOLD OG TELEMARK,3812,SILJAN,SILJAN,811,SILJAN,811,SILJAN,811,SILJAN,811,SILJAN,811,SILJAN,811,SILJAN,811,SILJAN,811,811,SILJAN
38,VESTFOLD OG TELEMARK,3813,BAMBLE,BAMBLE,814,BAMBLE,814,BAMBLE,814,BAMBLE,814,BAMBLE,814,BAMBLE,814,BAMBLE,814,BAMBLE,814,814,BAMBLE
38,VESTFOLD OG TELEMARK,3814,KRAGERØ,KRAGERØ,815,KRAGERØ,815,KRAGERØ,815,KRAGERØ,815,KRAGERØ,815,KRAGERØ,815,KRAGERØ,815,KRAGERØ,815,815,KRAGERØ
38,VESTFOLD OG TELEMARK,3815,DRANGEDAL,DRANGEDAL,817,DRANGEDAL,817,DRANGEDAL,817,DRANGEDAL,817,DRANGEDAL,817,DRANGEDAL,817,DRANGEDAL,817,DRANGEDAL,817,817,DRANGEDAL
38,VESTFOLD OG TELEMARK,3816,NOME,NOME,819,NOME,819,NOME,819,NOME,819,NOME,819,NOME,819,NOME,819,NOME,819,819,NOME
38,VESTFOLD OG TELEMARK,3817,MIDT-TELEMARK,BØ (TELEMARK),821,BØ (TELEMARK),821,BØ (TELEMARK),821,BØ (TELEMARK),821,BØ (TELEMARK),821,BØ (TELEMARK),821,BØ (TELEMARK),821,BØ (TELEMARK),821,821,BØ (TELEMARK)
38,VESTFOLD OG TELEMARK,3817,MIDT-TELEMARK,SAUHERAD,822,SAUHERAD,822,SAUHERAD,822,SAUHERAD,822,SAUHERAD,822,SAUHERAD,822,SAUHERAD,822,SAUHERAD,822,822,SAUHERAD
38,VESTFOLD OG TELEMARK,3818,TINN,TINN,826,TINN,826,TINN,826,TINN,826,TINN,826,TINN,826,TINN,826,TINN,826,826,TINN
38,VESTFOLD OG TELEMARK,3819,HJARTDAL,HJARTDAL,827,HJARTDAL,827,HJARTDAL,827,HJARTDAL,827,HJARTDAL,827,HJARTDAL,827,HJARTDAL,827,HJARTDAL,827,827,HJARTDAL
38,VESTFOLD OG TELEMARK,3820,SELJORD,SELJORD,828,SELJORD,828,SELJORD,828,SELJORD,828,SELJORD,828,SELJORD,828,SELJORD,828,SELJORD,828,828,SELJORD
38,VESTFOLD OG TELEMARK,3821,KVITESEID,KVITESEID,829,KVITESEID,829,KVITESEID,829,KVITESEID,829,KVITESEID,829,KVITESEID,829,KVITESEID,829,KVITESEID,829,829,KVITESEID
38,VESTFOLD OG TELEMARK,3822,NISSEDAL,NISSEDAL,830,NISSEDAL,830,NISSEDAL,830,NISSEDAL,830,NISSEDAL,830,NISSEDAL,830,NISSEDAL,830,NISSEDAL,830,830,NISSEDAL
38,VESTFOLD OG TELEMARK,3823,FYRESDAL,FYRESDAL,831,FYRESDAL,831,FYRESDAL,831,FYRESDAL,831,FYRESDAL,831,FYRESDAL,831,FYRESDAL,831,FYRESDAL,831,831,FYRESDAL
38,VESTFOLD OG TELEMARK,3824,TOKKE,TOKKE,833,TOKKE,833,TOKKE,833,TOKKE,833,TOKKE,833,TOKKE,833,TOKKE,833,TOKKE,833,833,TOKKE
38,VESTFOLD OG TELEMARK,3825,VINJE,VINJE,834,VINJE,834,VINJE,834,VINJE,834,VINJE,834,VINJE,834,VINJE,834,VINJE,834,834,VINJE
42,AGDER,4201,RISØR,RISØR,901,RISØR,901,RISØR,901,RISØR,901,RISØR,901,RISØR,901,RISØR,901,RISØR,901,901,RISØR
42,AGDER,4202,GRIMSTAD,GRIMSTAD,904,GRIMSTAD,904,GRIMSTAD,904,GRIMSTAD,904,GRIMSTAD,904,GRIMSTAD,904,GRIMSTAD,904,GRIMSTAD,904,904,GRIMSTAD
42,AGDER,4203,ARENDAL,ARENDAL,906,ARENDAL,906,ARENDAL,906,ARENDAL,906,ARENDAL,906,ARENDAL,906,ARENDAL,906,ARENDAL,906,906,ARENDAL
42,AGDER,4204,KRISTIANSAND,KRISTIANSAND,1001,KRISTIANSAND,1001,KRISTIANSAND,1001,KRISTIANSAND,1001,KRISTIANSAND,1001,KRISTIANSAND,1001,KRISTIANSAND,1001,KRISTIANSAND,1001,1001,KRISTIANSAND
42,AGDER,4204,KRISTIANSAND,SONGDALEN,1017,SONGDALEN,1017,SONGDALEN,1017,SONGDALEN,1017,SONGDALEN,1017,SONGDALEN,1017,SONGDALEN,1017,SONGDALEN,1017,1017,SONGDALEN
42,AGDER,4204,KRISTIANSAND,SØGNE,1018,SØGNE,1018,SØGNE,1018,SØGNE,1018,SØGNE,1018,SØGNE,1018,SØGNE,1018,SØGNE,1018,1018,SØGNE
42,AGDER,4205,LINDESNES,MANDAL,1002,MANDAL,1002,MANDAL,1002,MANDAL,1002,MANDAL,1002,MANDAL,1002,MANDAL,1002,MANDAL,1002,1002,MANDAL
42,AGDER,4205,LINDESNES,MARNARDAL,1021,MARNARDAL,1021,MARNARDAL,1021,MARNARDAL,1021,MARNARDAL,1021,MARNARDAL,1021,MARNARDAL,1021,MARNARDAL,1021,1021,MARNARDAL
42,AGDER,4205,LINDESNES,LINDESNES,1029,LINDESNES,1029,LINDESNES,1029,LINDESNES,1029,LINDESNES,1029,LINDESNES,1029,LINDESNES,1029,LINDESNES,1029,1029,LINDESNES
42,AGDER,4206,FARSUND,FARSUND,1003,FARSUND,1003,FARSUND,1003,FARSUND,1003,FARSUND,1003,FARSUND,1003,FARSUND,1003,FARSUND,1003,1003,FARSUND
42,AGDER,4207,FLEKKEFJORD,FLEKKEFJORD,1004,FLEKKEFJORD,1004,FLEKKEFJORD,1004,FLEKKEFJORD,1004,FLEKKEFJORD,1004,FLEKKEFJORD,1004,FLEKKEFJORD,1004,FLEKKEFJORD,1004,1004,FLEKKEFJORD
42,AGDER,4211,GJERSTAD,GJERSTAD,911,GJERSTAD,911,GJERSTAD,911,GJERSTAD,911,GJERSTAD,911,GJERSTAD,911,GJERSTAD,911,GJERSTAD,911,911,GJERSTAD
42,AGDER,4212,VEGÅRSHEI,VEGÅRSHEI,912,VEGÅRSHEI,912,VEGÅRSHEI,912,VEGÅRSHEI,912,VEGÅRSHEI,912,VEGÅRSHEI,912,VEGÅRSHEI,912,VEGÅRSHEI,912,912,VEGÅRSHEI
42,AGDER,4213,TVEDESTRAND,TVEDESTRAND,914,TVEDESTRAND,914,TVEDESTRAND,914,TVEDESTRAND,914,TVEDESTRAND,914,TVEDESTRAND,914,TVEDESTRAND,914,TVEDESTRAND,914,914,TVEDESTRAND
42,AGDER,4214,FROLAND,FROLAND,919,FROLAND,919,FROLAND,919,FROLAND,919,FROLAND,919,FROLAND,919,FROLAND,919,FROLAND,919,919,FROLAND
42,AGDER,4215,LILLESAND,LILLESAND,926,LILLESAND,926,LILLESAND,926,LILLESAND,926,LILLESAND,926,LILLESAND,926,LILLESAND,926,LILLESAND,926,926,LILLESAND
42,AGDER,4216,BIRKENES,BIRKENES,928,BIRKENES,928,BIRKENES,928,BIRKENES,928,BIRKENES,928,BIRKENES,928,BIRKENES,928,BIRKENES,928,928,BIRKENES
42,AGDER,4217,ÅMLI,ÅMLI,929,ÅMLI,929,ÅMLI,929,ÅMLI,929,ÅMLI,929,ÅMLI,929,ÅMLI,929,ÅMLI,929,929,ÅMLI
42,AGDER,4218,IVELAND,IVELAND,935,IVELAND,935,IVELAND,935,IVELAND,935,IVELAND,935,IVELAND,935,IVELAND,935,IVELAND,935,935,IVELAND
42,AGDER,4219,EVJE OG HORNNES,EVJE OG HORNNES,937,EVJE OG HORNNES,937,EVJE OG HORNNES,937,EVJE OG HORNNES,937,EVJE OG HORNNES,937,EVJE OG HORNNES,937,EVJE OG HORNNES,937,EVJE OG HORNNES,937,937,EVJE OG HORNNES
42,AGDER,4220,BYGLAND,BYGLAND,938,BYGLAND,938,BYGLAND,938,BYGLAND,938,BYGLAND,938,BYGLAND,938,BYGLAND,938,BYGLAND,938,938,BYGLAND
42,AGDER,4221,VALLE,VALLE,940,VALLE,940,VALLE,940,VALLE,940,VALLE,940,VALLE,940,VALLE,940,VALLE,940,940,VALLE
42,AGDER,4222,BYKLE,BYKLE,941,BYKLE,941,BYKLE,941,BYKLE,941,BYKLE,941,BYKLE,941,BYKLE,941,BYKLE,941,941,BYKLE
42,AGDER,4223,VENNESLA,VENNESLA,1014,VENNESLA,1014,VENNESLA,1014,VENNESLA,1014,VENNESLA,1014,VENNESLA,1014,VENNESLA,1014,VENNESLA,1014,1014,VENNESLA
42,AGDER,4224,ÅSERAL,ÅSERAL,1026,ÅSERAL,1026,ÅSERAL,1026,ÅSERAL,1026,ÅSERAL,1026,ÅSERAL,1026,ÅSERAL,1026,ÅSERAL,1026,1026,ÅSERAL
42,AGDER,4225,LYNGDAL,AUDNEDAL,1027,AUDNEDAL,1027,AUDNEDAL,1027,AUDNEDAL,1027,AUDNEDAL,1027,AUDNEDAL,1027,AUDNEDAL,1027,AUDNEDAL,1027,1027,AUDNEDAL
42,AGDER,4225,LYNGDAL,LYNGDAL,1032,LYNGDAL,1032,LYNGDAL,1032,LYNGDAL,1032,LYNGDAL,1032,LYNGDAL,1032,LYNGDAL,1032,LYNGDAL,1032,1032,LYNGDAL
42,AGDER,4226,HÆGEBOSTAD,HÆGEBOSTAD,1034,HÆGEBOSTAD,1034,HÆGEBOSTAD,1034,HÆGEBOSTAD,1034,HÆGEBOSTAD,1034,HÆGEBOSTAD,1034,HÆGEBOSTAD,1034,HÆGEBOSTAD,1034,1034,HÆGEBOSTAD
42,AGDER,4227,KVINESDAL,KVINESDAL,1037,KVINESDAL,1037,KVINESDAL,1037,KVINESDAL,1037,KVINESDAL,1037,KVINESDAL,1037,KVINESDAL,1037,KVINESDAL,1037,1037,KVINESDAL
42,AGDER,4228,SIRDAL,SIRDAL,1046,SIRDAL,1046,SIRDAL,1046,SIRDAL,1046,SIRDAL,1046,SIRDAL,1046,SIRDAL,1046,SIRDAL,1046,1046,SIRDAL
46,VESTLAND,4601,BERGEN,BERGEN,1201,BERGEN,1201,BERGEN,1201,BERGEN,1201,BERGEN,1201,BERGEN,1201,BERGEN,1201,BERGEN,1201,1201,BERGEN
46,VESTLAND,4602,KINN,FLORA,1401,FLORA,1401,FLORA,1401,FLORA,1401,FLORA,1401,FLORA,1401,FLORA,1401,FLORA,1401,1401,FLORA
46,VESTLAND,4602,KINN,VÅGSØY,1439,VÅGSØY,1439,VÅGSØY,1439,VÅGSØY,1439,VÅGSØY,1439,VÅGSØY,1439,VÅGSØY,1439,VÅGSØY,1439,1439,VÅGSØY
46,VESTLAND,4611,ETNE,ETNE,1211,ETNE,1211,ETNE,1211,ETNE,1211,ETNE,1211,ETNE,1211,ETNE,1211,ETNE,1211,1211,ETNE
46,VESTLAND,4612,SVEIO,SVEIO,1216,SVEIO,1216,SVEIO,1216,SVEIO,1216,SVEIO,1216,SVEIO,1216,SVEIO,1216,SVEIO,1216,1216,SVEIO
46,VESTLAND,4613,BØMLO,BØMLO,1219,BØMLO,1219,BØMLO,1219,BØMLO,1219,BØMLO,1219,BØMLO,1219,BØMLO,1219,BØMLO,1219,1219,BØMLO
46,VESTLAND,4614,STORD,STORD,1221,STORD,1221,STORD,1221,STORD,1221,STORD,1221,STORD,1221,STORD,1221,STORD,1221,1221,STORD
46,VESTLAND,4615,FITJAR,FITJAR,1222,FITJAR,1222,FITJAR,1222,FITJAR,1222,FITJAR,1222,FITJAR,1222,FITJAR,1222,FITJAR,1222,1222,FITJAR
46,VESTLAND,4616,TYSNES,TYSNES,1223,TYSNES,1223,TYSNES,1223,TYSNES,1223,TYSNES,1223,TYSNES,1223,TYSNES,1223,TYSNES,1223,1223,TYSNES
46,VESTLAND,4617,KVINNHERAD,KVINNHERAD,1224,KVINNHERAD,1224,KVINNHERAD,1224,KVINNHERAD,1224,KVINNHERAD,1224,KVINNHERAD,1224,KVINNHERAD,1224,KVINNHERAD,1224,1224,KVINNHERAD
46,VESTLAND,4618,ULLENSVANG,JONDAL,1227,JONDAL,1227,JONDAL,1227,JONDAL,1227,JONDAL,1227,JONDAL,1227,JONDAL,1227,JONDAL,1227,1227,JONDAL
46,VESTLAND,4618,ULLENSVANG,ODDA,1228,ODDA,1228,ODDA,1228,ODDA,1228,ODDA,1228,ODDA,1228,ODDA,1228,ODDA,1228,1228,ODDA
46,VESTLAND,4618,ULLENSVANG,ULLENSVANG,1231,ULLENSVANG,1231,ULLENSVANG,1231,ULLENSVANG,1231,ULLENSVANG,1231,ULLENSVANG,1231,ULLENSVANG,1231,ULLENSVANG,1231,1231,ULLENSVANG
46,VESTLAND,4619,EIDFJORD,EIDFJORD,1232,EIDFJORD,1232,EIDFJORD,1232,EIDFJORD,1232,EIDFJORD,1232,EIDFJORD,1232,EIDFJORD,1232,EIDFJORD,1232,1232,EIDFJORD
46,VESTLAND,4620,ULVIK,ULVIK,1233,ULVIK,1233,ULVIK,1233,ULVIK,1233,ULVIK,1233,ULVIK,1233,ULVIK,1233,ULVIK,1233,1233,ULVIK
46,VESTLAND,4621,VOSS,ULVIK,1233,ULVIK,1233,ULVIK,1233,ULVIK,1233,ULVIK,1233,ULVIK,1233,ULVIK,1233,ULVIK,1233,1233,ULVIK
46,VESTLAND,4621,VOSS,GRANVIN,1234,GRANVIN,1234,GRANVIN,1234,GRANVIN,1234,GRANVIN,1234,GRANVIN,1234,GRANVIN,1234,GRANVIN,1234,1234,GRANVIN
46,VESTLAND,4621,VOSS,VOSS,1235,VOSS,1235,VOSS,1235,VOSS,1235,VOSS,1235,VOSS,1235,VOSS,1235,VOSS,1235,1235,VOSS
46,VESTLAND,4622,KVAM,KVAM,1238,KVAM,1238,KVAM,1238,KVAM,1238,KVAM,1238,KVAM,1238,KVAM,1238,KVAM,1238,1238,KVAM
46,VESTLAND,4623,SAMNANGER,SAMNANGER,1242,SAMNANGER,1242,SAMNANGER,1242,SAMNANGER,1242,SAMNANGER,1242,SAMNANGER,1242,SAMNANGER,1242,SAMNANGER,1242,1242,SAMNANGER
46,VESTLAND,4624,BJØRNAFJORDEN,FUSA,1241,FUSA,1241,FUSA,1241,FUSA,1241,FUSA,1241,FUSA,1241,FUSA,1241,FUSA,1241,1241,FUSA
46,VESTLAND,4624,BJØRNAFJORDEN,OS (HORDALAND),1243,OS (HORDALAND),1243,OS (HORDALAND),1243,OS (HORDALAND),1243,OS (HORDALAND),1243,OS (HORDALAND),1243,OS (HORDALAND),1243,OS (HORDALAND),1243,1243,OS (HORDALAND)
46,VESTLAND,4625,AUSTEVOLL,AUSTEVOLL,1244,AUSTEVOLL,1244,AUSTEVOLL,1244,AUSTEVOLL,1244,AUSTEVOLL,1244,AUSTEVOLL,1244,AUSTEVOLL,1244,AUSTEVOLL,1244,1244,AUSTEVOLL
46,VESTLAND,4626,ØYGARDEN,SUND,1245,SUND,1245,SUND,1245,SUND,1245,SUND,1245,SUND,1245,SUND,1245,SUND,1245,1245,SUND
46,VESTLAND,4626,ØYGARDEN,FJELL,1246,FJELL,1246,FJELL,1246,FJELL,1246,FJELL,1246,FJELL,1246,FJELL,1246,FJELL,1246,1246,FJELL
46,VESTLAND,4626,ØYGARDEN,ØYGARDEN,1259,ØYGARDEN,1259,ØYGARDEN,1259,ØYGARDEN,1259,ØYGARDEN,1259,ØYGARDEN,1259,ØYGARDEN,1259,ØYGARDEN,1259,1259,ØYGARDEN
46,VESTLAND,4627,ASKØY,ASKØY,1247,ASKØY,1247,ASKØY,1247,ASKØY,1247,ASKØY,1247,ASKØY,1247,ASKØY,1247,ASKØY,1247,1247,ASKØY
46,VESTLAND,4628,VAKSDAL,VAKSDAL,1251,VAKSDAL,1251,VAKSDAL,1251,VAKSDAL,1251,VAKSDAL,1251,VAKSDAL,1251,VAKSDAL,1251,VAKSDAL,1251,1251,VAKSDAL
46,VESTLAND,4629,MODALEN,MODALEN,1252,MODALEN,1252,MODALEN,1252,MODALEN,1252,MODALEN,1252,MODALEN,1252,MODALEN,1252,MODALEN,1252,1252,MODALEN
46,VESTLAND,4630,OSTERØY,OSTERØY,1253,OSTERØY,1253,OSTERØY,1253,OSTERØY,1253,OSTERØY,1253,OSTERØY,1253,OSTERØY,1253,OSTERØY,1253,1253,OSTERØY
46,VESTLAND,4631,ALVER,MELAND,1256,MELAND,1256,MELAND,1256,MELAND,1256,MELAND,1256,MELAND,1256,MELAND,1256,MELAND,1256,1256,MELAND
46,VESTLAND,4631,ALVER,RADØY,1260,RADØY,1260,RADØY,1260,RADØY,1260,RADØY,1260,RADØY,1260,RADØY,1260,RADØY,1260,1260,RADØY
46,VESTLAND,4631,ALVER,LINDÅS,1263,LINDÅS,1263,LINDÅS,1263,LINDÅS,1263,LINDÅS,1263,LINDÅS,1263,LINDÅS,1263,LINDÅS,1263,1263,LINDÅS
46,VESTLAND,4632,AUSTRHEIM,AUSTRHEIM,1264,AUSTRHEIM,1264,AUSTRHEIM,1264,AUSTRHEIM,1264,AUSTRHEIM,1264,AUSTRHEIM,1264,AUSTRHEIM,1264,AUSTRHEIM,1264,1264,AUSTRHEIM
46,VESTLAND,4633,FEDJE,FEDJE,1265,FEDJE,1265,FEDJE,1265,FEDJE,1265,FEDJE,1265,FEDJE,1265,FEDJE,1265,FEDJE,1265,1265,FEDJE
46,VESTLAND,4634,MASFJORDEN,MASFJORDEN,1266,MASFJORDEN,1266,MASFJORDEN,1266,MASFJORDEN,1266,MASFJORDEN,1266,MASFJORDEN,1266,MASFJORDEN,1266,MASFJORDEN,1266,1266,MASFJORDEN
46,VESTLAND,4635,GULEN,GULEN,1411,GULEN,1411,GULEN,1411,GULEN,1411,GULEN,1411,GULEN,1411,GULEN,1411,GULEN,1411,1411,GULEN
46,VESTLAND,4636,SOLUND,SOLUND,1412,SOLUND,1412,SOLUND,1412,SOLUND,1412,SOLUND,1412,SOLUND,1412,SOLUND,1412,SOLUND,1412,1412,SOLUND
46,VESTLAND,4637,HYLLESTAD,HYLLESTAD,1413,HYLLESTAD,1413,HYLLESTAD,1413,HYLLESTAD,1413,HYLLESTAD,1413,HYLLESTAD,1413,HYLLESTAD,1413,HYLLESTAD,1413,1413,HYLLESTAD
46,VESTLAND,4638,HØYANGER,HØYANGER,1416,HØYANGER,1416,HØYANGER,1416,HØYANGER,1416,HØYANGER,1416,HØYANGER,1416,HØYANGER,1416,HØYANGER,1416,1416,HØYANGER
46,VESTLAND,4638,HØYANGER,BALESTRAND,1418,BALESTRAND,1418,BALESTRAND,1418,BALESTRAND,1418,BALESTRAND,1418,BALESTRAND,1418,BALESTRAND,1418,BALESTRAND,1418,1418,BALESTRAND
46,VESTLAND,4639,VIK,VIK,1417,VIK,1417,VIK,1417,VIK,1417,VIK,1417,VIK,1417,VIK,1417,VIK,1417,1417,VIK
46,VESTLAND,4640,SOGNDAL,BALESTRAND,1418,BALESTRAND,1418,BALESTRAND,1418,BALESTRAND,1418,BALESTRAND,1418,BALESTRAND,1418,BALESTRAND,1418,BALESTRAND,1418,1418,BALESTRAND
46,VESTLAND,4640,SOGNDAL,LEIKANGER,1419,LEIKANGER,1419,LEIKANGER,1419,LEIKANGER,1419,LEIKANGER,1419,LEIKANGER,1419,LEIKANGER,1419,LEIKANGER,1419,1419,LEIKANGER
46,VESTLAND,4640,SOGNDAL,SOGNDAL,1420,SOGNDAL,1420,SOGNDAL,1420,SOGNDAL,1420,SOGNDAL,1420,SOGNDAL,1420,SOGNDAL,1420,SOGNDAL,1420,1420,SOGNDAL
46,VESTLAND,4641,AURLAND,AURLAND,1421,AURLAND,1421,AURLAND,1421,AURLAND,1421,AURLAND,1421,AURLAND,1421,AURLAND,1421,AURLAND,1421,1421,AURLAND
46,VESTLAND,4642,LÆRDAL,LÆRDAL,1422,LÆRDAL,1422,LÆRDAL,1422,LÆRDAL,1422,LÆRDAL,1422,LÆRDAL,1422,LÆRDAL,1422,LÆRDAL,1422,1422,LÆRDAL
46,VESTLAND,4643,ÅRDAL,ÅRDAL,1424,ÅRDAL,1424,ÅRDAL,1424,ÅRDAL,1424,ÅRDAL,1424,ÅRDAL,1424,ÅRDAL,1424,ÅRDAL,1424,1424,ÅRDAL
46,VESTLAND,4644,LUSTER,LUSTER,1426,LUSTER,1426,LUSTER,1426,LUSTER,1426,LUSTER,1426,LUSTER,1426,LUSTER,1426,LUSTER,1426,1426,LUSTER
46,VESTLAND,4645,ASKVOLL,ASKVOLL,1428,ASKVOLL,1428,ASKVOLL,1428,ASKVOLL,1428,ASKVOLL,1428,ASKVOLL,1428,ASKVOLL,1428,ASKVOLL,1428,1428,ASKVOLL
46,VESTLAND,4646,FJALER,FJALER,1429,FJALER,1429,FJALER,1429,FJALER,1429,FJALER,1429,FJALER,1429,FJALER,1429,FJALER,1429,1429,FJALER
46,VESTLAND,4647,SUNNFJORD,GAULAR,1430,GAULAR,1430,GAULAR,1430,GAULAR,1430,GAULAR,1430,GAULAR,1430,GAULAR,1430,GAULAR,1430,1430,GAULAR
46,VESTLAND,4647,SUNNFJORD,JØLSTER,1431,JØLSTER,1431,JØLSTER,1431,JØLSTER,1431,JØLSTER,1431,JØLSTER,1431,JØLSTER,1431,JØLSTER,1431,1431,JØLSTER
46,VESTLAND,4647,SUNNFJORD,FØRDE,1432,FØRDE,1432,FØRDE,1432,FØRDE,1432,FØRDE,1432,FØRDE,1432,FØRDE,1432,FØRDE,1432,1432,FØRDE
46,VESTLAND,4647,SUNNFJORD,NAUSTDAL,1433,NAUSTDAL,1433,NAUSTDAL,1433,NAUSTDAL,1433,NAUSTDAL,1433,NAUSTDAL,1433,NAUSTDAL,1433,NAUSTDAL,1433,1433,NAUSTDAL
46,VESTLAND,4648,BREMANGER,BREMANGER,1438,BREMANGER,1438,BREMANGER,1438,BREMANGER,1438,BREMANGER,1438,BREMANGER,1438,BREMANGER,1438,BREMANGER,1438,1438,BREMANGER
46,VESTLAND,4649,STAD,VÅGSØY,1439,VÅGSØY,1439,VÅGSØY,1439,VÅGSØY,1439,VÅGSØY,1439,VÅGSØY,1439,VÅGSØY,1439,VÅGSØY,1439,1439,VÅGSØY
46,VESTLAND,4649,STAD,SELJE,1441,SELJE,1441,SELJE,1441,SELJE,1441,SELJE,1441,SELJE,1441,SELJE,1441,SELJE,1441,1441,SELJE
46,VESTLAND,4649,STAD,EID,1443,EID,1443,EID,1443,EID,1443,EID,1443,EID,1443,EID,1443,EID,1443,1443,EID
46,VESTLAND,4650,GLOPPEN,GLOPPEN,1445,GLOPPEN,1445,GLOPPEN,1445,GLOPPEN,1445,GLOPPEN,1445,GLOPPEN,1445,GLOPPEN,1445,GLOPPEN,1445,1445,GLOPPEN
46,VESTLAND,4651,STRYN,STRYN,1449,STRYN,1449,STRYN,1449,STRYN,1449,STRYN,1449,STRYN,1449,STRYN,1449,STRYN,1449,1449,STRYN
50,TRØNDELAG,5001,TRONDHEIM,KLÆBU,5030,KLÆBU,5030,KLÆBU,1662,KLÆBU,1662,KLÆBU,1662,KLÆBU,1662,KLÆBU,1662,KLÆBU,1662,1662,KLÆBU
50,TRØNDELAG,5006,STEINKJER,STEINKJER,5004,STEINKJER,5004,STEINKJER,1702,STEINKJER,1702,STEINKJER,1702,STEINKJER,1702,STEINKJER,1702,STEINKJER,1702,1702,STEINKJER
50,TRØNDELAG,5006,STEINKJER,VERRAN,5039,VERRAN,5039,VERRAN,1724,VERRAN,1724,VERRAN,1724,VERRAN,1724,VERRAN,1724,VERRAN,1724,1724,VERRAN
50,TRØNDELAG,5007,NAMSOS,NAMSOS,5005,NAMSOS,5005,NAMSOS,1703,NAMSOS,1703,NAMSOS,1703,NAMSOS,1703,NAMSOS,1703,NAMSOS,1703,1703,NAMSOS
50,TRØNDELAG,5007,NAMSOS,NAMDALSEID,5040,NAMDALSEID,5040,NAMDALSEID,1725,NAMDALSEID,1725,NAMDALSEID,1725,NAMDALSEID,1725,NAMDALSEID,1725,NAMDALSEID,1725,1725,NAMDALSEID
50,TRØNDELAG,5007,NAMSOS,FOSNES,5048,FOSNES,5048,FOSNES,1748,FOSNES,1748,FOSNES,1748,FOSNES,1748,FOSNES,1748,FOSNES,1748,1748,FOSNES
50,TRØNDELAG,5007,NAMSOS,NÆRØY,5051,NÆRØY,5051,NÆRØY,1751,NÆRØY,1751,NÆRØY,1751,NÆRØY,1751,NÆRØY,1751,NÆRØY,1751,1751,NÆRØY
50,TRØNDELAG,5014,FRØYA,FRØYA,5014,FRØYA,5014,FRØYA,1620,FRØYA,1620,FRØYA,1620,FRØYA,1620,FRØYA,1620,FRØYA,1620,1620,FRØYA
50,TRØNDELAG,5020,OSEN,OSEN,5020,OSEN,5020,OSEN,1633,OSEN,1633,OSEN,1633,OSEN,1633,OSEN,1633,OSEN,1633,1633,OSEN
50,TRØNDELAG,5021,OPPDAL,OPPDAL,5021,OPPDAL,5021,OPPDAL,1634,OPPDAL,1634,OPPDAL,1634,OPPDAL,1634,OPPDAL,1634,OPPDAL,1634,1634,OPPDAL
50,TRØNDELAG,5022,RENNEBU,RENNEBU,5022,RENNEBU,5022,RENNEBU,1635,RENNEBU,1635,RENNEBU,1635,RENNEBU,1635,RENNEBU,1635,RENNEBU,1635,1635,RENNEBU
50,TRØNDELAG,5025,RØROS,RØROS,5025,RØROS,5025,RØROS,1640,RØROS,1640,RØROS,1640,RØROS,1640,RØROS,1640,RØROS,1640,1640,RØROS
50,TRØNDELAG,5026,HOLTÅLEN,HOLTÅLEN,5026,HOLTÅLEN,5026,HOLTÅLEN,1644,HOLTÅLEN,1644,HOLTÅLEN,1644,HOLTÅLEN,1644,HOLTÅLEN,1644,HOLTÅLEN,1644,1644,HOLTÅLEN
50,TRØNDELAG,5027,MIDTRE GAULDAL,MIDTRE GAULDAL,5027,MIDTRE GAULDAL,5027,MIDTRE GAULDAL,1648,MIDTRE GAULDAL,1648,MIDTRE GAULDAL,1648,MIDTRE GAULDAL,1648,MIDTRE GAULDAL,1648,MIDTRE GAULDAL,1648,1648,MIDTRE GAULDAL
50,TRØNDELAG,5028,MELHUS,MELHUS,5028,MELHUS,5028,MELHUS,1653,MELHUS,1653,MELHUS,1653,MELHUS,1653,MELHUS,1653,MELHUS,1653,1653,MELHUS
50,TRØNDELAG,5029,SKAUN,SKAUN,5029,SKAUN,5029,SKAUN,1657,SKAUN,1657,SKAUN,1657,SKAUN,1657,SKAUN,1657,SKAUN,1657,1657,SKAUN
50,TRØNDELAG,5031,MALVIK,MALVIK,5031,MALVIK,5031,MALVIK,1663,MALVIK,1663,MALVIK,1663,MALVIK,1663,MALVIK,1663,MALVIK,1663,1663,MALVIK
50,TRØNDELAG,5032,SELBU,SELBU,5032,SELBU,5032,SELBU,1664,SELBU,1664,SELBU,1664,SELBU,1664,SELBU,1664,SELBU,1664,1664,SELBU
50,TRØNDELAG,5033,TYDAL,TYDAL,5033,TYDAL,5033,TYDAL,1665,TYDAL,1665,TYDAL,1665,TYDAL,1665,TYDAL,1665,TYDAL,1665,1665,TYDAL
50,TRØNDELAG,5034,MERÅKER,MERÅKER,5034,MERÅKER,5034,MERÅKER,1711,MERÅKER,1711,MERÅKER,1711,MERÅKER,1711,MERÅKER,1711,MERÅKER,1711,1711,MERÅKER
50,TRØNDELAG,5035,STJØRDAL,STJØRDAL,5035,STJØRDAL,5035,STJØRDAL,1714,STJØRDAL,1714,STJØRDAL,1714,STJØRDAL,1714,STJØRDAL,1714,STJØRDAL,1714,1714,STJØRDAL
50,TRØNDELAG,5036,FROSTA,FROSTA,5036,FROSTA,5036,FROSTA,1717,FROSTA,1717,FROSTA,1717,FROSTA,1717,FROSTA,1717,FROSTA,1717,1717,FROSTA
50,TRØNDELAG,5037,LEVANGER,LEVANGER,5037,LEVANGER,5037,LEVANGER,1719,LEVANGER,1719,LEVANGER,1719,LEVANGER,1719,LEVANGER,1719,LEVANGER,1719,1719,LEVANGER
50,TRØNDELAG,5038,VERDAL,VERDAL,5038,VERDAL,5038,VERDAL,1721,VERDAL,1721,VERDAL,1721,VERDAL,1721,VERDAL,1721,VERDAL,1721,1721,VERDAL
50,TRØNDELAG,5041,SNÅSA,SNÅSA,5041,SNÅSA,5041,SNÅSA,1736,SNÅSA,1736,SNÅSA,1736,SNÅSA,1736,SNÅSA,1736,SNÅSA,1736,1736,SNÅSA
50,TRØNDELAG,5042,LIERNE,LIERNE,5042,LIERNE,5042,LIERNE,1738,LIERNE,1738,LIERNE,1738,LIERNE,1738,LIERNE,1738,LIERNE,1738,1738,LIERNE
50,TRØNDELAG,5043,RØYRVIK,RØYRVIK,5043,RØYRVIK,5043,RØYRVIK,1739,RØYRVIK,1739,RØYRVIK,1739,RØYRVIK,1739,RØYRVIK,1739,RØYRVIK,1739,1739,RØYRVIK
50,TRØNDELAG,5044,NAMSSKOGAN,NAMSSKOGAN,5044,NAMSSKOGAN,5044,NAMSSKOGAN,1740,NAMSSKOGAN,1740,NAMSSKOGAN,1740,NAMSSKOGAN,1740,NAMSSKOGAN,1740,NAMSSKOGAN,1740,1740,NAMSSKOGAN
50,TRØNDELAG,5045,GRONG,GRONG,5045,GRONG,5045,GRONG,1742,GRONG,1742,GRONG,1742,GRONG,1742,GRONG,1742,GRONG,1742,1742,GRONG
50,TRØNDELAG,5046,HØYLANDET,HØYLANDET,5046,HØYLANDET,5046,HØYLANDET,1743,HØYLANDET,1743,HØYLANDET,1743,HØYLANDET,1743,HØYLANDET,1743,HØYLANDET,1743,1743,HØYLANDET
50,TRØNDELAG,5047,OVERHALLA,OVERHALLA,5047,OVERHALLA,5047,OVERHALLA,1744,OVERHALLA,1744,OVERHALLA,1744,OVERHALLA,1744,OVERHALLA,1744,OVERHALLA,1744,1744,OVERHALLA
50,TRØNDELAG,5049,FLATANGER,FLATANGER,5049,FLATANGER,5049,FLATANGER,1749,FLATANGER,1749,FLATANGER,1749,FLATANGER,1749,FLATANGER,1749,FLATANGER,1749,1749,FLATANGER
50,TRØNDELAG,5052,LEKA,LEKA,5052,LEKA,5052,LEKA,1755,LEKA,1755,LEKA,1755,LEKA,1755,LEKA,1755,LEKA,1755,1755,LEKA
50,TRØNDELAG,5053,INDERØY,INDERØY,5053,INDERØY,5053,INDERØY,1756,INDERØY,1756,INDERØY,1756,INDERØY,1756,INDERØY,1756,INDERØY,1756,1729,INDERØY
50,TRØNDELAG,5053,INDERØY,INDERØY,5053,INDERØY,5053,INDERØY,1756,INDERØY,1756,INDERØY,1756,INDERØY,1756,INDERØY,1756,INDERØY,1756,1723,MOSVIK
50,TRØNDELAG,5054,INDRE FOSEN,VERRAN,5039,VERRAN,5039,VERRAN,1724,VERRAN,1724,VERRAN,1724,VERRAN,1724,VERRAN,1724,VERRAN,1724,1724,VERRAN
50,TRØNDELAG,5055,HEIM,HALSA,1571,HALSA,1571,HALSA,1571,HALSA,1571,HALSA,1571,HALSA,1571,HALSA,1571,HALSA,1571,1571,HALSA
50,TRØNDELAG,5055,HEIM,HEMNE,5011,HEMNE,5011,HEMNE,1612,HEMNE,1612,HEMNE,1612,HEMNE,1612,HEMNE,1612,HEMNE,1612,1612,HEMNE
50,TRØNDELAG,5056,HITRA,SNILLFJORD,5012,SNILLFJORD,5012,SNILLFJORD,1613,SNILLFJORD,1613,SNILLFJORD,1613,SNILLFJORD,1613,SNILLFJORD,1613,SNILLFJORD,1613,1613,SNILLFJORD
50,TRØNDELAG,5056,HITRA,HITRA,5013,HITRA,5013,HITRA,1617,HITRA,1617,HITRA,1617,HITRA,1617,HITRA,1617,HITRA,1617,1617,HITRA
50,TRØNDELAG,5057,ØRLAND,ØRLAND,5015,ØRLAND,5015,ØRLAND,1621,ØRLAND,1621,ØRLAND,1621,ØRLAND,1621,ØRLAND,1621,ØRLAND,1621,1621,ØRLAND
50,TRØNDELAG,5057,ØRLAND,BJUGN,5017,BJUGN,5017,BJUGN,1627,BJUGN,1627,BJUGN,1627,BJUGN,1627,BJUGN,1627,BJUGN,1627,1627,BJUGN
50,TRØNDELAG,5058,ÅFJORD,ÅFJORD,5018,ÅFJORD,5018,ÅFJORD,1630,ÅFJORD,1630,ÅFJORD,1630,ÅFJORD,1630,ÅFJORD,1630,ÅFJORD,1630,1630,ÅFJORD
50,TRØNDELAG,5058,ÅFJORD,ROAN,5019,ROAN,5019,ROAN,1632,ROAN,1632,ROAN,1632,ROAN,1632,ROAN,1632,ROAN,1632,1632,ROAN
50,TRØNDELAG,5059,ORKLAND,SNILLFJORD,5012,SNILLFJORD,5012,SNILLFJORD,1613,SNILLFJORD,1613,SNILLFJORD,1613,SNILLFJORD,1613,SNILLFJORD,1613,SNILLFJORD,1613,1613,SNILLFJORD
50,TRØNDELAG,5059,ORKLAND,AGDENES,5016,AGDENES,5016,AGDENES,1622,AGDENES,1622,AGDENES,1622,AGDENES,1622,AGDENES,1622,AGDENES,1622,1622,AGDENES
50,TRØNDELAG,5059,ORKLAND,MELDAL,5023,MELDAL,5023,MELDAL,1636,MELDAL,1636,MELDAL,1636,MELDAL,1636,MELDAL,1636,MELDAL,1636,1636,MELDAL
50,TRØNDELAG,5059,ORKLAND,ORKDAL,5024,ORKDAL,5024,ORKDAL,1638,ORKDAL,1638,ORKDAL,1638,ORKDAL,1638,ORKDAL,1638,ORKDAL,1638,1638,ORKDAL
50,TRØNDELAG,5060,NÆRØYSUND,VIKNA,5050,VIKNA,5050,VIKNA,1750,VIKNA,1750,VIKNA,1750,VIKNA,1750,VIKNA,1750,VIKNA,1750,1750,VIKNA
50,TRØNDELAG,5060,NÆRØYSUND,NÆRØY,5051,NÆRØY,5051,NÆRØY,1751,NÆRØY,1751,NÆRØY,1751,NÆRØY,1751,NÆRØY,1751,NÆRØY,1751,1751,NÆRØY
50,TRØNDELAG,5061,RINDAL,RINDAL,5061,RINDAL,1567,RINDAL,1567,RINDAL,1567,RINDAL,1567,RINDAL,1567,RINDAL,1567,RINDAL,1567,1567,RINDAL
50,TRØNDELAG,5061,RINDAL,RINDAL,5061,RINDAL,5061,RINDAL,5061,RINDAL,5061,RINDAL,5061,RINDAL,5061,RINDAL,5061,RINDAL,5061,5061,RINDAL
54,TROMS OG FINNMARK,5401,TROMSØ,TROMSØ,1902,TROMSØ,1902,TROMSØ,1902,TROMSØ,1902,TROMSØ,1902,TROMSØ,1902,TROMSØ,1902,TROMSØ,1902,1902,TROMSØ
54,TROMS OG FINNMARK,5402,HARSTAD,HARSTAD,1903,HARSTAD,1903,HARSTAD,1903,HARSTAD,1903,HARSTAD,1903,HARSTAD,1903,HARSTAD,1903,HARSTAD,1901,1901,HARSTAD
54,TROMS OG FINNMARK,5402,HARSTAD,HARSTAD,1903,HARSTAD,1903,HARSTAD,1903,HARSTAD,1903,HARSTAD,1903,HARSTAD,1903,HARSTAD,1903,BJARKØY,1915,1915,BJARKØY
54,TROMS OG FINNMARK,5403,ALTA,ALTA,2012,ALTA,2012,ALTA,2012,ALTA,2012,ALTA,2012,ALTA,2012,ALTA,2012,ALTA,2012,2012,ALTA
54,TROMS OG FINNMARK,5404,VARDØ,VARDØ,2002,VARDØ,2002,VARDØ,2002,VARDØ,2002,VARDØ,2002,VARDØ,2002,VARDØ,2002,VARDØ,2002,2002,VARDØ
54,TROMS OG FINNMARK,5405,VADSØ,VADSØ,2003,VADSØ,2003,VADSØ,2003,VADSØ,2003,VADSØ,2003,VADSØ,2003,VADSØ,2003,VADSØ,2003,2003,VADSØ
54,TROMS OG FINNMARK,5406,HAMMERFEST,HAMMERFEST,2004,HAMMERFEST,2004,HAMMERFEST,2004,HAMMERFEST,2004,HAMMERFEST,2004,HAMMERFEST,2004,HAMMERFEST,2004,HAMMERFEST,2004,2004,HAMMERFEST
54,TROMS OG FINNMARK,5406,HAMMERFEST,KVALSUND,2017,KVALSUND,2017,KVALSUND,2017,KVALSUND,2017,KVALSUND,2017,KVALSUND,2017,KVALSUND,2017,KVALSUND,2017,2017,KVALSUND
54,TROMS OG FINNMARK,5411,KVÆFJORD,KVÆFJORD,1911,KVÆFJORD,1911,KVÆFJORD,1911,KVÆFJORD,1911,KVÆFJORD,1911,KVÆFJORD,1911,KVÆFJORD,1911,KVÆFJORD,1911,1911,KVÆFJORD
54,TROMS OG FINNMARK,5412,TJELDSUND,TJELDSUND,1852,TJELDSUND,1852,TJELDSUND,1852,TJELDSUND,1852,TJELDSUND,1852,TJELDSUND,1852,TJELDSUND,1852,TJELDSUND,1852,1852,TJELDSUND
54,TROMS OG FINNMARK,5412,TJELDSUND,SKÅNLAND,1913,SKÅNLAND,1913,SKÅNLAND,1913,SKÅNLAND,1913,SKÅNLAND,1913,SKÅNLAND,1913,SKÅNLAND,1913,SKÅNLAND,1913,1913,SKÅNLAND
54,TROMS OG FINNMARK,5413,IBESTAD,IBESTAD,1917,IBESTAD,1917,IBESTAD,1917,IBESTAD,1917,IBESTAD,1917,IBESTAD,1917,IBESTAD,1917,IBESTAD,1917,1917,IBESTAD
54,TROMS OG FINNMARK,5414,GRATANGEN,GRATANGEN,1919,GRATANGEN,1919,GRATANGEN,1919,GRATANGEN,1919,GRATANGEN,1919,GRATANGEN,1919,GRATANGEN,1919,GRATANGEN,1919,1919,GRATANGEN
54,TROMS OG FINNMARK,5415,LAVANGEN,LAVANGEN,1920,LAVANGEN,1920,LAVANGEN,1920,LAVANGEN,1920,LAVANGEN,1920,LAVANGEN,1920,LAVANGEN,1920,LAVANGEN,1920,1920,LAVANGEN
54,TROMS OG FINNMARK,5416,BARDU,BARDU,1922,BARDU,1922,BARDU,1922,BARDU,1922,BARDU,1922,BARDU,1922,BARDU,1922,BARDU,1922,1922,BARDU
54,TROMS OG FINNMARK,5417,SALANGEN,SALANGEN,1923,SALANGEN,1923,SALANGEN,1923,SALANGEN,1923,SALANGEN,1923,SALANGEN,1923,SALANGEN,1923,SALANGEN,1923,1923,SALANGEN
54,TROMS OG FINNMARK,5418,MÅLSELV,MÅLSELV,1924,MÅLSELV,1924,MÅLSELV,1924,MÅLSELV,1924,MÅLSELV,1924,MÅLSELV,1924,MÅLSELV,1924,MÅLSELV,1924,1924,MÅLSELV
54,TROMS OG FINNMARK,5419,SØRREISA,SØRREISA,1925,SØRREISA,1925,SØRREISA,1925,SØRREISA,1925,SØRREISA,1925,SØRREISA,1925,SØRREISA,1925,SØRREISA,1925,1925,SØRREISA
54,TROMS OG FINNMARK,5420,DYRØY,DYRØY,1926,DYRØY,1926,DYRØY,1926,DYRØY,1926,DYRØY,1926,DYRØY,1926,DYRØY,1926,DYRØY,1926,1926,DYRØY
54,TROMS OG FINNMARK,5421,SENJA,TRANØY,1927,TRANØY,1927,TRANØY,1927,TRANØY,1927,TRANØY,1927,TRANØY,1927,TRANØY,1927,TRANØY,1927,1927,TRANØY
54,TROMS OG FINNMARK,5421,SENJA,TORSKEN,1928,TORSKEN,1928,TORSKEN,1928,TORSKEN,1928,TORSKEN,1928,TORSKEN,1928,TORSKEN,1928,TORSKEN,1928,1928,TORSKEN
54,TROMS OG FINNMARK,5421,SENJA,BERG,1929,BERG,1929,BERG,1929,BERG,1929,BERG,1929,BERG,1929,BERG,1929,BERG,1929,1929,BERG
54,TROMS OG FINNMARK,5421,SENJA,LENVIK,1931,LENVIK,1931,LENVIK,1931,LENVIK,1931,LENVIK,1931,LENVIK,1931,LENVIK,1931,LENVIK,1931,1931,LENVIK
54,TROMS OG FINNMARK,5422,BALSFJORD,BALSFJORD,1933,BALSFJORD,1933,BALSFJORD,1933,BALSFJORD,1933,BALSFJORD,1933,BALSFJORD,1933,BALSFJORD,1933,BALSFJORD,1933,1933,BALSFJORD
54,TROMS OG FINNMARK,5423,KARLSØY,KARLSØY,1936,KARLSØY,1936,KARLSØY,1936,KARLSØY,1936,KARLSØY,1936,KARLSØY,1936,KARLSØY,1936,KARLSØY,1936,1936,KARLSØY
54,TROMS OG FINNMARK,5424,LYNGEN,LYNGEN,1938,LYNGEN,1938,LYNGEN,1938,LYNGEN,1938,LYNGEN,1938,LYNGEN,1938,LYNGEN,1938,LYNGEN,1938,1938,LYNGEN
54,TROMS OG FINNMARK,5425,STORFJORD,STORFJORD,1939,STORFJORD,1939,STORFJORD,1939,STORFJORD,1939,STORFJORD,1939,STORFJORD,1939,STORFJORD,1939,STORFJORD,1939,1939,STORFJORD
54,TROMS OG FINNMARK,5426,KÅFJORD,KÅFJORD,5426,KÅFJORD,5426,KÅFJORD,5426,KÅFJORD,5426,KÅFJORD,5426,KÅFJORD,5426,KÅFJORD,5426,KÅFJORD,5426,5426,KÅFJORD
54,TROMS OG FINNMARK,5427,SKJERVØY,SKJERVØY,1941,SKJERVØY,1941,SKJERVØY,1941,SKJERVØY,1941,SKJERVØY,1941,SKJERVØY,1941,SKJERVØY,1941,SKJERVØY,1941,1941,SKJERVØY
54,TROMS OG FINNMARK,5428,NORDREISA,NORDREISA,1942,NORDREISA,1942,NORDREISA,1942,NORDREISA,1942,NORDREISA,1942,NORDREISA,1942,NORDREISA,1942,NORDREISA,1942,1942,NORDREISA
54,TROMS OG FINNMARK,5429,KVÆNANGEN,KVÆNANGEN,1943,KVÆNANGEN,1943,KVÆNANGEN,1943,KVÆNANGEN,1943,KVÆNANGEN,1943,KVÆNANGEN,1943,KVÆNANGEN,1943,KVÆNANGEN,1943,1943,KVÆNANGEN
54,TROMS OG FINNMARK,5430,KAUTOKEINO,KAUTOKEINO,5430,KAUTOKEINO,5430,KAUTOKEINO,5430,KAUTOKEINO,5430,KAUTOKEINO,5430,KAUTOKEINO,5430,KAUTOKEINO,5430,KAUTOKEINO,5430,5430,KAUTOKEINO
54,TROMS OG FINNMARK,5432,LOPPA,LOPPA,2014,LOPPA,2014,LOPPA,2014,LOPPA,2014,LOPPA,2014,LOPPA,2014,LOPPA,2014,LOPPA,2014,2014,LOPPA
54,TROMS OG FINNMARK,5433,HASVIK,HASVIK,2015,HASVIK,2015,HASVIK,2015,HASVIK,2015,HASVIK,2015,HASVIK,2015,HASVIK,2015,HASVIK,2015,2015,HASVIK
54,TROMS OG FINNMARK,5434,MÅSØY,MÅSØY,2018,MÅSØY,2018,MÅSØY,2018,MÅSØY,2018,MÅSØY,2018,MÅSØY,2018,MÅSØY,2018,MÅSØY,2018,2018,MÅSØY
54,TROMS OG FINNMARK,5435,NORDKAPP,NORDKAPP,2019,NORDKAPP,2019,NORDKAPP,2019,NORDKAPP,2019,NORDKAPP,2019,NORDKAPP,2019,NORDKAPP,2019,NORDKAPP,2019,2019,NORDKAPP
54,TROMS OG FINNMARK,5436,PORSANGER,PORSANGER,5436,PORSANGER,5436,PORSANGER,5436,PORSANGER,5436,PORSANGER,5436,PORSANGER,5436,PORSANGER,5436,PORSANGER,5436,5436,PORSANGER
54,TROMS OG FINNMARK,5437,KARASJOK,KARASJOK,5437,KARASJOK,5437,KARASJOK,5437,KARASJOK,5437,KARASJOK,5437,KARASJOK,5437,KARASJOK,5437,KARASJOK,5437,5437,KARASJOK
54,TROMS OG FINNMARK,5438,LEBESBY,LEBESBY,2022,LEBESBY,2022,LEBESBY,2022,LEBESBY,2022,LEBESBY,2022,LEBESBY,2022,LEBESBY,2022,LEBESBY,2022,2022,LEBESBY
54,TROMS OG FINNMARK,5439,GAMVIK,GAMVIK,2023,GAMVIK,2023,GAMVIK,2023,GAMVIK,2023,GAMVIK,2023,GAMVIK,2023,GAMVIK,2023,GAMVIK,2023,2023,GAMVIK
54,TROMS OG FINNMARK,5440,BERLEVÅG,BERLEVÅG,2024,BERLEVÅG,2024,BERLEVÅG,2024,BERLEVÅG,2024,BERLEVÅG,2024,BERLEVÅG,2024,BERLEVÅG,2024,BERLEVÅG,2024,2024,BERLEVÅG
54,TROMS OG FINNMARK,5441,TANA,TANA,5441,TANA,5441,TANA,5441,TANA,5441,TANA,5441,TANA,5441,TANA,5441,TANA,5441,5441,TANA
54,TROMS OG FINNMARK,5442,NESSEBY,NESSEBY,5442,NESSEBY,5442,NESSEBY,5442,NESSEBY,5442,NESSEBY,5442,NESSEBY,5442,NESSEBY,5442,NESSEBY,5442,5442,NESSEBY
54,TROMS OG FINNMARK,5443,BÅTSFJORD,BÅTSFJORD,2028,BÅTSFJORD,2028,BÅTSFJORD,2028,BÅTSFJORD,2028,BÅTSFJORD,2028,BÅTSFJORD,2028,BÅTSFJORD,2028,BÅTSFJORD,2028,2028,BÅTSFJORD
54,TROMS OG FINNMARK,5444,SØR-VARANGER,SØR-VARANGER,2030,SØR-VARANGER,2030,SØR-VARANGER,2030,SØR-VARANGER,2030,SØR-VARANGER,2030,SØR-VARANGER,2030,SØR-VARANGER,2030,SØR-VARANGER,2030,2030,SØR-VARANGER
